"id","drugname"
1,"3,4 Diaminopyridine Tablet"
2,"5-Aminolevulinic Acid Powder for Oral Use (Gliolan)"
3,"5-Methoxysporalen Tablet"
4,"8-Methoxypsoralen Bath Lotion 1.2%"
5,"8-Methoxypsoralen Injection"
6,"Abacavir Solution"
7,"Abacavir Tablet"
8,"Abciximab Infusion"
9,"Abciximab Injection"
10,"Acamprosate Tablet EC"
11,"Acarbose Tablet"
12,"Acebutolol Capsule"
13,"Aceclofenac Tablets"
14,"Acenocoumarol Tablet"
15,"Acetarsol Suppository"
16,"Acetazolamide Capsule SR"
17,"Acetazolamide Injection"
18,"Acetazolamide Tablet"
19,"Acetest Reagent"
20,"Acetic Acid 5% Solution"
21,"Acetylcysteine & Hypromellose Eye Drop"
22,"Acetylcysteine 5% Eye Drop (Pres. Free)"
23,"Acetylcysteine Nebules"
24,"Acetylcysteine Sachet"
25,"Acetylcysteine Tablet"
26,"Aci-jel Gel"
27,"Aciclovir Cream 5%"
28,"Aciclovir Dispersible Tablet"
29,"Aciclovir Eye Ointment 3%"
30,"Aciclovir Infusion"
31,"Aciclovir Suspension"
32,"Acidophilus Extra Capsule"
33,"Acipimox Capsule"
34,"Acitretin Capsule"
35,"Acrivastine Capsule"
36,"Acticoat Dressing"
37,"Actisorb Plus 10.5x10.5cm"
38,"Actisorb Silver 220"
39,"Activated Charcoal Dressing"
40,"Activated Charcoal Suspension"
41,"Actrapid (insulin human soluble)"
42,"Adalimumab Injection (Humira)"
43,"Adapalene 0.1% Gel"
44,"Adcal D3 'Dissolve' Tablet"
45,"Adcal D3 Caplet"
46,"Adcal D3 Tablet"
47,"Adefovir Tablet"
48,"Adenosine Injection"
49,"Tacrolimus Capsule (Adoport)"
50,"Adrenaline Auto-Injector - EpiPen"
51,"Adrenaline Auto-Injector - Jext"
52,"Adrenaline Inhaler 0.22mcg"
53,"Adrenaline Injection 1 in 10 000"
54,"Adrenaline Injection 1 in 1000"
55,"Tacrolimus Capsule (Advagraf)"
56,"Aerochamber Child (6 months-4 years)"
57,"Aerochamber Infant (<6 months)"
58,"Aerochamber"
59,"Ajmaline Injection"
60,"Albendazole Tablet"
61,"Alclometasone Cream"
62,"Alclometasone Ointment"
63,"Alcohol Injection"
64,"Alemtuzumab Injection"
65,"Alendronate  Tablet"
66,"Alendronate Tablet"
67,"Alfacalcidol Capsule"
68,"Alfacalcidol Injection"
69,"Alfacalcidol Oral Drop"
70,"Alfentanil Infusion [CD]"
71,"Alfentanil Injection [CD]"
72,"Alfuzosin Tablet MR"
73,"Alfuzosin Tablet"
74,"Alimemazine Forte Syrup"
75,"Alimemazine Syrup"
76,"Alimemazine Tablet"
77,"Aliskiren Tablet"
78,"Alitretinoin Capsule"
79,"Alkaline Nasal Douche"
80,"Allevyn Cavity Dressing 10cm Circular"
81,"Allevyn Cavity Dressing 5cm Circular"
82,"Allevyn Cavity Dressing Tubular 4x12cm"
83,"Allevyn Hydrocellular Dressing 10cmx10cm"
84,"Allevyn Hydrocellular Dressing 10cmx20cm"
85,"Allopurinol Injection"
86,"Allopurinol Tablet"
87,"Alpha Keri Bath Oil"
88,"Alpha Tocopheryl Acetate Injection"
89,"Alpha Tocopheryl Acetate Suspension"
90,"Alpha Tocopheryl Tablet"
91,"Alphaderm Cream"
92,"Alphosyl Cream"
93,"Alphosyl HC Cream"
94,"Alphosyl Lotion"
95,"Alprazolam Tablet"
96,"Alprostadil Injection"
97,"Alteplase Catheter Lock Solution"
98,"Alteplase Infusion"
99,"Alteplase Injection"
100,"Alum Bladder Instillation 1%"
101,"Aluminium Chloride Hexahydrate Roll-On"
102,"Aluminium Hydroxide Capsule"
103,"Aluminium Hydroxide Mixture"
104,"Alverine Capsule"
105,"Amantadine Capsule"
106,"Amifostine Injection"
107,"Amikacin Sulphate Injection"
108,"Amiloride Sugar Free Oral Solution"
109,"Amiloride Tablet"
110,"Aminophylline Infusion (Maintenance)"
111,"Aminophylline Injection"
112,"Aminophylline Tablet MR (Forte)"
113,"Aminophylline Tablet MR (Paediatric)"
114,"Aminophylline Tablet MR"
115,"Amiodarone Infusion (Continuous)"
116,"Amiodarone Infusion (Intermittent)"
117,"Amiodarone Injection"
118,"Amiodarone Tablet"
119,"Amisulpride Oral Solution"
120,"Amisulpride Tablet"
121,"Amitriptyline  Tablet"
122,"Amitriptyline Oral Solution"
123,"Amlodipine Tablet"
124,"Ammonium Chloride Injection"
125,"Amorolfine 5% Nail lacquer"
126,"Amoxicillin Capsule"
127,"Amoxicillin Infusion"
128,"Amoxicillin Injection"
129,"Amoxicillin Powder"
130,"Amoxicillin Suspension"
131,"Amphotericin (AMBISOME) Liposomal Infusion"
132,"Amphotericin (FUNGIZONE) Infusion"
133,"Amphotericin Lipid Complex Infusion (ABELCET)"
134,"Amphotericin Suspension"
135,"Amphotericin Tablet"
136,"Ampicillin Sodium Injection"
137,"Amsacrine Injection"
138,"Anagrelide Capsule"
139,"Anastrozole Tablet"
140,"Anidulafungin Infusion"
141,"Anti-D (RHO) immunoglobulin"
142,"Anticoagulation Discharge Information"
143,"Anticoagulation Discharge Referral"
144,"Antilymphocyte Globulin"
145,"Antiseptic Throat Lozenge"
146,"Antithymocyte Immunoglobulin (Horse) Infusion"
147,"Antithymocyte Immunoglobulin (Rabbit) Infusion"
148,"Anusol HC Ointment"
149,"Anusol Ointment"
150,"Anusol Suppository"
151,"Anusol-HC Suppository"
152,"Apidra (Insulin Glulisine) [NON FORMULARY]"
153,"Apixaban Tablet"
154,"Apomorphine HCl Infusion  (PFS)"
155,"Apomorphine HCl Infusion (Amp)"
156,"Apomorphine HCl Injection"
157,"Apomorphine S/L Tablet"
158,"Apraclonidine Eye Drop"
159,"Aprepitant Capsule"
160,"Aprotinin Injection"
161,"Aquacell Dressing 10cmx10cm"
162,"Aquadrate Cream"
163,"Aquagel lubricating jelly"
164,"Aqueous Cream"
165,"Arachis Oil Retention Enema"
166,"Arachis Oil"
167,"Argatroban Infusion"
168,"Arginine Injection"
169,"Argipressin Infusion"
170,"Argipressin Injection"
171,"Aripiprazole Tablet"
172,"Artemether & Lumefantrine (20mg/120mg) Tablet"
173,"Artesunate Injection"
174,"Artesunate Tablet"
175,"Artificial Saliva Aerosol Spray"
176,"Artificial Saliva Pastilles"
177,"Ascorbic Acid Effervescent Tablet"
178,"Ascorbic Acid Injection"
179,"Ascorbic Acid Tablet"
180,"Asilone Suspension"
181,"Asparaginase Injection"
182,"Aspirin Dispersible Tablet (PGD)"
183,"Aspirin Dispersible Tablet"
184,"Aspirin EC Tablet"
185,"Aspirin Injection"
186,"Aspirin Multiroute"
187,"Aspirin Suppository"
188,"Atazanavir Capsule"
189,"Atenolol  Tablet"
190,"Atenolol Injection"
191,"Atenolol Sugar Free Syrup"
192,"Atomoxetine Capsule"
193,"Atorvastatin Tablet"
194,"Atosiban Infusion"
195,"Atosiban Injection"
196,"Atovaquone Suspension"
197,"Atovaquone Tablet"
198,"Atracurium Injection"
199,"Atripla tablet"
200,"Atropine Eye Drop  1%"
201,"Atropine Eye Drop 0.5%"
202,"Atropine Eye Ointment 1%"
203,"Atropine Injection"
204,"Aureocort Ointment"
205,"Azathioprine Infusion"
206,"Azathioprine Injection"
207,"Azathioprine Suspension"
208,"Azathioprine Tablet"
209,"Azelaic Acid Cream 20%"
210,"Azelastine Nasal Spray 140mcg"
211,"Azithromycin  Capsule"
212,"Azithromycin Oral Suspension"
213,"Azithromycin Tablet"
214,"Aztreonam Injection"
215,"Babyhaler"
216,"Baclofen  Tablet"
217,"Baclofen Solution"
218,"Balanced Salt Solution"
219,"Balneum Emollient"
220,"Balneum Plus Bath Oil"
221,"Balsalazide Capsule"
222,"Basiliximab Injection"
223,"BCG Bladder Instillation"
224,"BCG Vaccine Injection"
225,"Beclometasone & Formoterol (FOSTAIR) Inhaler 100/6"
226,"Beclometasone (Clenil Modulite) Aerosol Inhaler 100mcg"
227,"Beclometasone (Clenil Modulite) Aerosol Inhaler 200mcg"
228,"Beclometasone (Clenil Modulite) Aerosol Inhaler 250mcg"
229,"Beclometasone (Clenil Modulite) Aerosol Inhaler 50mcg"
230,"Beclometasone (Qvar) Aerosol Inhaler 100mcg"
231,"Beclometasone (Qvar) Aerosol Inhaler 50mcg"
232,"Beclometasone (Qvar) Easi-Breathe Inhaler 100mcg"
233,"Beclometasone (Qvar) Easi-Breathe Inhaler 50mcg"
234,"Beclometasone Aerosol Inhaler  50mcg"
235,"Beclometasone Aerosol Inhaler 100mcg"
236,"Beclometasone Aerosol Inhaler 200mcg"
237,"Beclometasone Aerosol Inhaler 250mcg"
238,"Beclometasone Aqueous Nasal Spray 50mcg"
239,"Beclometasone Breath-actuated Inhaler 100mcg"
240,"Beclometasone Breath-actuated Inhaler 250mcg"
241,"Beclometasone Cream 0.025%"
242,"Beclometasone Diskhaler 100mcg"
243,"Beclometasone Diskhaler 200mcg"
244,"Beclometasone Diskhaler 400mcg"
245,"Beclometasone MR Tablet"
246,"Beclometasone Ointment 0.025%"
247,"Beclometasone Rotacap 100mcg"
248,"Beclometasone Rotacap 200mcg"
249,"Beclometasone Soluble Tablet"
250,"Bendroflumethiazide Tablet"
251,"Benorilate  Tablet"
252,"Benorilate Suspension"
253,"Benzathine Penicillin Injection"
254,"Benzatropine Injection"
255,"Benzatropine Tablet"
256,"Benzocaine Compound Ointment"
257,"Benzoin Tincture Compound"
258,"Benzoyl Peroxide Gel 10%"
259,"Benzoyl Peroxide Gel 2.5%"
260,"Benzoyl Peroxide Gel 5%"
261,"Benzydamine Cream (Difflam)"
262,"Benzydamine Mouthwash 0.15%"
263,"Benzydamine Spray 0.15%"
264,"Benzyl Benzoate Application"
265,"Benzylpenicillin Infusion"
266,"Benzylpenicillin Injection"
267,"Bepanthen Ointment"
268,"Beractant Suspension"
269,"Beta-Carotene Capsule"
270,"Betahistine Tablet"
271,"Betamethasone 0.1% Drop"
272,"Betamethasone Eye Ointment"
273,"Betamethasone Sodium Phosphate Injection"
274,"Betamethasone Soluble Tablet"
275,"Betamethasone Valerate 0.1% Cream"
276,"Betamethasone Valerate 0.1% Ointment"
277,"Betaxolol Eye Drop 0.25%"
278,"Betaxolol Eye Drop 0.5%"
279,"Bethanechol Tablet"
280,"Betnesol N Drop"
281,"Betnesol N Eye Ointment"
282,"Betnovate C Cream"
283,"Betnovate C Ointment"
284,"Betnovate Lotion"
285,"Betnovate N Cream"
286,"Betnovate N Ointment"
287,"Betnovate RD Cream"
288,"Betnovate RD Ointment"
289,"Betnovate Scalp Application"
290,"Bevacizumab Intravitreal Injection"
291,"Bexarotine Capsule"
292,"Bezafibrate MR Tablet"
293,"Bezafibrate Tablet"
294,"Bicalutamide Tablet"
295,"Bimatoprost Eye Drops"
296,"Binocrit (Epoetin Alfa) Syringe [ESA]"
297,"Biotene Oralbalance Gel"
298,"Biotin Injection"
299,"Biotin Tablet"
300,"BIPP Gauze"
301,"Bisacodyl  Tablet"
302,"Bisacodyl Suppository"
303,"Bisoprolol Tablet"
304,"Bivalirudin Infusion"
305,"Bivalirudin Injection"
306,"Bleomycin Injection"
307,"Blood Glucose Test Strips"
308,"BM-Accutest Strips"
309,"Boceprevir Capsule"
310,"Bonviva Pre-filled Syringe"
311,"Bortezomib Injection"
312,"Bosentan Tablet"
313,"Boston Lens Starting Pack"
314,"Bosutinib Tablet"
315,"Botulinum A Toxin Injection (Botox)"
316,"Botulinum A Toxin Injection (Dysport)"
317,"Botulinum A Toxin Injection (Xeomin)"
318,"Botulinum B Toxin Injection (Neurobloc)"
319,"Botulism Antitoxin Injection"
320,"Brachial Plexus Block (Adult)"
321,"Brewers Yeast Tablet"
322,"Brimonidine Eye Drop 0.2%"
323,"Brinzolamide 1% & Timolol 0.5% Eye Drops"
324,"Brinzolamide Eye Drops 10mg/ml"
325,"Brolene Eye Drops 0.1%"
326,"Bromocriptine Capsule"
327,"Bromocriptine Tablet"
328,"Budesonide Breath-Actuated Inhaler 200mcg"
329,"Budesonide Breath-Actuated Inhaler 400mcg"
330,"Budesonide M/R Capsule"
331,"Budesonide Nasal Spray"
332,"Budesonide Nebuliser Suspension"
333,"Budesonide Turbohaler 100mcg"
334,"Budesonide Turbohaler 200mcg"
335,"Budesonide Turbohaler 400mcg"
336,"Build-Up Shake"
337,"Build-Up Soup"
338,"Bumetanide  Tablet"
339,"Bumetanide 1mg / Amiloride 5mg Tablet"
340,"Bumetanide Injection"
341,"Bumetanide Liquid"
342,"Bupivacaine 0.25% and Adrenaline 1 in 200 000 Injection"
343,"Bupivacaine 0.25% Injection"
344,"Bupivacaine 0.5% / Glucose 8% Injection"
345,"Bupivacaine 0.5% and Adrenaline 1 in 200 000 Injection"
346,"Bupivacaine 0.5% Injection"
347,"Buprenorphine  200 microgram Tablet [CD]"
348,"Buprenorphine  400 microgram Tablet (Subutex) [CD]"
349,"Buprenorphine 10 micrograms per hour Patch (Transtec) [CD]"
350,"Buprenorphine 20 micrograms per hour Patch (Transtec) [CD]"
351,"Buprenorphine 2mg and Naloxone 500mcg Tablet [CD]"
352,"Buprenorphine 35 micrograms per hour Patch (Transtec) [CD]"
353,"Buprenorphine 5 micrograms per hour Patch (Transtec) [CD]"
354,"Buprenorphine 52.5 micrograms per hour Patch (Transtec) [CD]"
355,"Buprenorphine 70 micrograms per hour Patch (Transtec) [CD]"
356,"Buprenorphine 8mg and Naloxone 2mg Tablet [CD]"
357,"Buprenorphine Injection [CD]"
358,"Buserelin Injection"
359,"Buserelin Nasal Spray"
360,"Buspirone Hydrochloride Tablet"
361,"Busulfan Tablet"
362,"C1 Esterase Inhibitor Injection"
363,"Cabergoline Tablet"
364,"Cafergot Suppository"
365,"Caffeine Citrate Injection"
366,"Calaband Bandage"
367,"Calamine and Coal Tar Ointment BP"
368,"Calamine Aqueous Cream"
369,"Calamine Lotion"
370,"Calcichew D3 Forte Tablet"
371,"Calcichew D3 Tablet"
372,"Calciferol Injection"
373,"Calcipotriol Cream"
374,"Calcipotriol Ointment"
375,"Calcitonin (Salmon) Injection"
376,"Calcitonin Nasal Spray"
377,"Calcitriol Capsule"
378,"Calcitriol Injection"
379,"Calcitriol Ointment 3micrograms/g"
380,"Calcitriol Oral Solution"
381,"Calcium & Colecalciferol Tablet-Calceos"
382,"Calcium Acetate Tablet"
383,"Calcium And Ergocalciferol Tablet"
384,"Calcium Carbonate Suspension"
385,"Calcium Carbonate Tablet (Adcal)"
386,"Calcium Carbonate Tablet (Calcichew)"
387,"Calcium Chloride 10 % MINIJET Injection"
388,"Calcium Chloride Injection"
389,"Calcium Effervescent Tablet (Sandocal 1000)"
390,"Calcium Folinate Infusion"
391,"Calcium Folinate Injection"
392,"Calcium Folinate Tablet (Folinic Acid)"
393,"Calcium Gluconate Effervescent Tablet"
394,"Calcium Gluconate Gel 2.5%"
395,"Calcium Gluconate Injection 10%"
396,"Calcium Levofolinate Injection"
397,"Calcium Resonium Powder"
398,"Calcium Sandoz Syrup"
399,"Caldecot Homecare Information Form"
400,"Caldecot Offsite Information Form"
401,"Calmurid Cream"
402,"Calmurid HC Cream"
403,"Calogen Emulsion"
404,"Candesartan Tablet"
405,"Capecitabine Tablet"
406,"Capsaicin Cream 0.075%"
407,"Captopril Oral Liquid"
408,"Captopril Tablet"
409,"Carbachol Injection"
410,"Carbalax Suppository"
411,"Carbamazepine  Tablet"
412,"Carbamazepine MR Tablet"
413,"Carbamazepine Suppository"
414,"Carbamazepine Suspension"
415,"Carbaryl Lotion 0.5%"
416,"Carbimazole Tablet"
417,"Carbocisteine Capsule"
418,"Carbocisteine Syrup"
419,"Carbomer 980 Eye Drop 0.2%"
420,"Carboplatin Injection"
421,"Carboprost Injection"
422,"Carglumic Acid Dispersible Tablet"
423,"Carmellose Sodium Single Use Eye Drops"
424,"Carmustine Implant"
425,"Carmustine Injection"
426,"Carmustine Ointment 0.04%"
427,"Carnitine Injection"
428,"Carteolol 1% Eye Drop"
429,"Carvedilol Tablet"
430,"Caspofungin Injection"
431,"Catheterisation (Urinary) Record + Monitoring"
432,"Cavi-Care Foam Dressing"
433,"Ceanel Concentrate Shampoo"
434,"Cefadroxil Capsule"
435,"Cefadroxil Suspension"
436,"Cefalexin Capsule"
437,"Cefalexin SF Syrup"
438,"Cefalexin Suspension"
439,"Cefalexin Tablet"
440,"Cefixime Tablet"
441,"Cefotaxime Infusion"
442,"Cefotaxime Injection"
443,"Cefoxitin Injection"
444,"Cefradine Suspension"
445,"Ceftazidime Eye Drops 5%"
446,"Ceftazidime Infusion"
447,"Ceftazidime Injection"
448,"Ceftriaxone Infusion"
449,"Ceftriaxone Injection"
450,"Cefuroxime Eye Drop 5%"
451,"Cefuroxime Infusion"
452,"Cefuroxime Injection"
453,"Celecoxib Capsule"
454,"Celiprolol Tablet"
455,"Central Access"
456,"Central Line (Hickman)"
457,"Central Line (PICC/Groshong)"
458,"Central Line (Portacath)"
459,"Central Line (Short Term)"
460,"Central Line (Vascath)"
461,"Centrum Tablet"
462,"Cerazette Tablet"
463,"Cetirizine Oral Solution"
464,"Cetirizine Tablet"
465,"Cetomacragol A Cream BP"
466,"Cetraben Cream"
467,"Cetrimide Cream 0.5%"
468,"Cetrorelix Injection"
469,"Cetuximab Injection"
470,"Cetylpyridinium/Benzocaine Lozenge"
471,"Charcoal (Activated) Suspension 50g"
472,"Chenodeoxycholic Acid Capsule"
473,"Chlor-Clean Tablet"
474,"Chloral Hydrate Elixir Paediatric"
475,"Chloral Hydrate Mixture"
476,"Chloral Hydrate Suppository"
477,"Chlorambucil Tablet"
478,"Chloramphenicol 0.5% Eye Drop -Pres Free"
479,"Chloramphenicol 0.5% Eye Drop"
480,"Chloramphenicol 1% Eye Ointment"
481,"Chloramphenicol 10% Ear Drop"
482,"Chloramphenicol Capsule"
483,"Chloramphenicol Sod Succinate Injection"
484,"Chlordiazepoxide Capsule"
485,"Chlorhexidine (Acriflex) Cream 0.25%"
486,"Chlorhexidine 0.5% / IMS 70% (Blue) Soln"
487,"Chlorhexidine 0.5% / IMS 70% (Clear) Sol"
488,"Chlorhexidine 4% (Hydrex-Pink)"
489,"Chlorhexidine Acetate 1% Dusting Powder"
490,"Chlorhexidine Bladder Irrigation 0.02%"
491,"Chlorhexidine Gluconate 0.2% Mouthwash"
492,"Chlorhexidine Gluconate Scrub"
493,"Chlorhexidine Obstetric Cream"
494,"Chloroquine (Base) Infusion"
495,"Chloroquine Phosphate Tablet"
496,"Chloroquine Syrup"
497,"Chlorothiazide Suspension"
498,"Chlorphenamine  Tablet"
499,"Chlorphenamine Injection"
500,"Chlorphenamine Syrup"
501,"Chlorpheniramine Tablet (PGD)"
502,"Chlorpromazine  Tablet"
503,"Chlorpromazine Injection"
504,"Chlorpromazine Suppository"
505,"Chlorpromazine Suspension"
506,"Chlorpromazine Syrup"
507,"Chlortalidone Tablet"
508,"Chlortetracycline Eye Ointment 1%"
509,"Choline Salicylate Gel"
510,"Chorionic Gonadotrophin Injection"
511,"Ciclesonide Inhaler"
512,"Ciclosporin Capsule (Neoral)"
513,"Ciclosporin Infusion"
514,"Ciclosporin Ophthalmic Emulsion 0.05%"
515,"Ciclosporin Oral Solution (Neoral)"
516,"Cidofovir Infusion"
517,"Cilest Tablet"
518,"Cimetidine  Tablet"
519,"Cimetidine Syrup"
520,"Cinacalcet Tablet"
521,"Cinnarizine Tablet"
522,"Ciprofibrate Tablet"
523,"Ciprofloxacin  Tablet"
524,"Ciprofloxacin Eye Drops 0.3%"
525,"Ciprofloxacin Infusion"
526,"Ciprofloxacin Suspension"
527,"Cisapride Tablet"
528,"Cisplatin Injection"
529,"Citalopram  Tablet"
530,"Citalopram Oral Drops"
531,"CitraFleet Sachet"
532,"Citramag Sachet"
533,"Cladribine Injection"
534,"Clarithromycin  Tablet"
535,"Clarithromycin Infusion"
536,"Clarithromycin Suspension"
537,"Climagest Tablet"
538,"Clindamycin Capsule"
539,"Clindamycin Irrigation"
540,"Clindamycin Lotion (Aqueous) 1%"
541,"Clindamycin Palmitate Suspension"
542,"Clindamycin Phosphate Infusion"
543,"Clindamycin Topical Solution 1%"
544,"Clindamycin Vaginal Cream 2%"
545,"Clinistix"
546,"Clobazam Liquid"
547,"Clobazam Tablet"
548,"Clobetasol Propionate 0.05% Cream"
549,"Clobetasol Propionate 0.05% Ointment"
550,"Clobetasol Propionate 0.05% Scalp"
551,"Clobetasone Butyrate 0.05% Cream"
552,"Clobetasone Butyrate 0.05% Ointment"
553,"Clomethiazole Capsule"
554,"Clomethiazole Edisylate Syrup"
555,"Clomifene Tablet"
556,"Clomipramine Capsule"
557,"Clomipramine Syrup"
558,"Clonazepam Injection"
559,"Clonazepam Liquid"
560,"Clonazepam Tablet"
561,"Clonidine Injection"
562,"Clonidine Suspension"
563,"Clonidine Tablet"
564,"Clopidogrel Tablet"
565,"Cloral Betaine Tablet"
566,"Clotrimazole 1% & Hydrocortisone 1% Cream"
567,"Clotrimazole Cream 1%"
568,"Clotrimazole Pessary"
569,"Clotrimazole Powder 1%"
570,"Clotrimazole Solution 1%"
571,"Clotrimazole Vaginal Cream 10%"
572,"Clozapine Suspension"
573,"Clozapine Tablet"
574,"Co-Amilofruse 2.5/20 Tablet"
575,"Co-Amilofruse 5/40 Tablet"
576,"Co-Amilozide 2.5/25 Tablet"
577,"Co-Amilozide 5/50 Tablet"
578,"Co-Amoxiclav  250/125 Tablet"
579,"Co-Amoxiclav 125/31 Suspension"
580,"Co-Amoxiclav 250/62 Suspension"
581,"Co-Amoxiclav 500/125 Tablet"
582,"Co-Amoxiclav Infusion"
583,"Co-Amoxiclav Injection"
584,"Co-Beneldopa (Madopar 125) Capsule"
585,"Co-Beneldopa (Madopar 125) Disp Tablet"
586,"Co-Beneldopa (Madopar 250) Capsule"
587,"Co-Beneldopa (Madopar 62.5) Capsule"
588,"Co-Beneldopa (Madopar 62.5) Disp Tablet"
589,"Co-Beneldopa (Madopar CR 125) Capsule MR"
590,"Co-careldopa Tablet 10mg/100mg"
591,"Co-careldopa Tablet 12.5mg/50mg"
592,"Co-careldopa Tablet 25mg/100mg"
593,"Co-careldopa Tablet 25mg/250mg"
594,"Co-careldopa Tablet MR 25mg/100mg"
595,"Co-careldopa Tablet MR 50mg/200mg"
596,"Co-Codamol 30/500 Sachet"
597,"Co-Codamol 30/500 Tablet"
598,"Co-Codamol 8/500 Effervescent Tablet"
599,"Co-Codamol 8/500 Tablet"
600,"Co-Danthramer 25/200 Capsule"
601,"Co-Danthramer 25/200 Suspension"
602,"Co-Danthramer 37.5/500 Capsule"
603,"Co-Danthramer 75/1000 Suspension"
604,"Co-Dydramol 10/500 Tablet"
605,"Co-Phenotrope 2.5/0.025 Tablet"
606,"Co-phenylcaine Nasal Spray"
607,"Co-Proxamol 32.5/325 Tablet"
608,"Co-Tenidone 100/25 Tablet"
609,"Co-Tenidone 50/12.5 Tablet"
610,"Co-Triamterzide 50/25 Tablet"
611,"Co-Trimoxazole  Tablet"
612,"Co-Trimoxazole Infusion"
613,"Co-Trimoxazole Suspension (Treatment dose)"
614,"Co-Trimoxazole Suspension"
615,"Co-Trimoxazole Tablet (Treatment dose)"
616,"Coal Tar And Calamine Ointment"
617,"Coal Tar In Yellow Soft Paraffin"
618,"Coal Tar Paste"
619,"Coal Tar Solution 5% In Betnovate"
620,"Coal Tar Solution 5% in Eumovate Ointment"
621,"Coal Tar Solution In Emulsyfing Ointment"
622,"Coal Tar/Salicylic Acid Ointment"
623,"Cocaine 10% in Chlorbutol Solution [CD]"
624,"Cocaine 2% Mouthwash [CD]"
625,"Cocaine and Adrenaline Paste [CD]"
626,"Cocois Scalp Ointment"
627,"Cod Liver Oil Capsule"
628,"Codeine Phosphate  Tablet"
629,"Codeine Phosphate (Multiroute)"
630,"Codeine Phosphate Injection [CD]"
631,"Codeine Phosphate Linctus BP"
632,"Codeine Phosphate Suppository"
633,"Codeine Phosphate Syrup"
634,"Codeine Phosphate Tablet (PGD)"
635,"Colchicine Tablet"
636,"Colecalciferol Capsule"
637,"Colecalciferol Injection"
638,"Colecalciferol Liquid"
639,"Colesevelam Tablet"
640,"Colestyramine Sachet Light"
641,"Colestyramine Sachet"
642,"Colifoam Foam"
643,"Colistin Dry Powder Inhaler"
644,"Colistin Injection"
645,"Colistin Nebuliser Solution"
646,"Colistin Tablet"
647,"Combigan Eye Drop"
648,"Combivent Aerosol Inhaler"
649,"Comfeel Ulcer Dressing"
650,"Companion 2 Strips"
651,"Conjugated Oestrogen Cream 625mcg/1g"
652,"Conjugated Oestrogens Tablet"
653,"COPD Rescue Pack Reminder"
654,"Coppertone Ultrashade 23 Lotion"
655,"Cortisone Acetate Tablet"
656,"Crisantaspase Injection"
657,"Crotamiton Cream 10%"
658,"Crotamiton Lotion 10%"
659,"Cyanocobalamin Liquid"
660,"Cyclizine (Multiroute)"
661,"Cyclizine Injection (PGD)"
662,"Cyclizine Injection"
663,"Cyclizine Tablet (PGD)"
664,"Cyclizine Tablet"
665,"Cyclo-Progynova Tablet 1mg"
666,"Cyclo-Progynova Tablet 2mg"
667,"Cyclofenil Tablet"
668,"Cyclopentolate Eye Drop 0.5%"
669,"Cyclopentolate Eye Drop 1%"
670,"Cyclopentolate Minims 0.5%"
671,"Cyclopentolate Minims 1%"
672,"Cyclophosphamide Injection"
673,"Cyclophosphamide Pre-Filled Syringe"
674,"Cyclophosphamide Tablet"
675,"Cycloserine Capsule"
676,"Cyproheptadine Tablet"
677,"Cyproterone Acetate Tablet"
678,"Cystopurin Sachets"
679,"Cytarabine Injection"
680,"Dabigatran Capsule"
681,"Dacarbazine Injection"
682,"Daclizumab Injection"
683,"Dactinomycin Injection"
684,"Daktacort Cream"
685,"Daktacort Ointment"
686,"Dalteparin Injection"
687,"Dalteparin Pre-Filled Syringe"
688,"Danazol Capsule"
689,"Dantrolene Injection"
690,"Dantrolene Sodium Capsule"
691,"Dapsone Tablet"
692,"Daptomycin Infusion"
693,"Darbepoetin Alfa Prefilled Syringe [ESA]"
694,"Darunavir Suspension"
695,"Darunavir Tablet"
696,"Dasatinib Tablets"
697,"Daunorubicin Injection"
698,"De-Noltab Tablet"
699,"Deferasirox Dispersible  Tablet"
700,"Deferiprone Tablets"
701,"Defibrotide Injection"
702,"Deflazacort Tablet"
703,"Demeclocycline Capsule"
704,"Denosumab Injection"
705,"Dequacaine Lozenges"
706,"Dermamist Spray"
707,"Dermol 200 Shower Emollient"
708,"Dermol 500 Lotion"
709,"Dermol 600 Bath Emollient"
710,"Dermol Cream"
711,"Dermovate in Propylene Glycol 60%"
712,"Dermovate NN Cream"
713,"Dermovate NN Ointment"
714,"Dermovate Scalp Application"
715,"Desferrioxamine Mesylate Infusion"
716,"Desloratadine Tablet"
717,"Desmopressin Injection"
718,"Desmopressin Intranasal Solution"
719,"Desmopressin Nasal Spray 10mcg"
720,"Desmopressin Sublingual Tablet"
721,"Desmopressin Tablet"
722,"Desogestrel Tablet"
723,"Dexa-Rhinaspray Nasal Spray"
724,"Dexamethasone Elixir"
725,"Dexamethasone Eye Drop 0.1%"
726,"Dexamethasone Injection"
727,"Dexamethasone Oral Solution"
728,"Dexamethasone Preservative Free Eye Drops 0.1%"
729,"Dexamethasone Tablet"
730,"Dexamfetamine Tablet [CD]"
731,"Dextran 70 in Sodium Chloride 0.9% infusion"
732,"Dextromethorphan Oral Liquid"
733,"Dextrose Saline 4%/ 0.18% Infusion"
734,"Diabur Test 5000 Reagent"
735,"Diaminopyridine Tablet"
736,"Diamorphine Injection [CD]"
737,"Diamorphine Tablet [CD]"
738,"Dianette Tablet"
739,"Diastix Reagent"
740,"Diazepam  Tablet"
741,"Diazepam Emulsion Injection"
742,"Diazepam Injection"
743,"Diazepam Oral Solution"
744,"Diazepam Rectal Solution (Rectal Tube)"
745,"Diazepam Suppository"
746,"Diazoxide Injection"
747,"Diazoxide Syrup"
748,"Diazoxide Tablet"
749,"Dibrompropamidine Cream 0.15%"
750,"Diclofenac (Multiroute)"
751,"Diclofenac Gel 3%"
752,"Diclofenac Sodium  Tablet  EC"
753,"Diclofenac Sodium  Tablet  MR"
754,"Diclofenac Sodium  Tablet Dispersible"
755,"Diclofenac Sodium Infusion"
756,"Diclofenac Sodium Injection"
757,"Diclofenac Sodium Suppository"
758,"Diclofenac/Misoprostol  50mg/200mcg Tab"
759,"Diclofenac/Misoprostol  75mg/200mcg Tab"
760,"Dicycloverine Tablet"
761,"Dicylomine Syrup"
762,"Didanosine EC Capsule"
763,"Didanosine Powder"
764,"Didanosine Tablet"
765,"Didronel PMO Tablet"
766,"Dienestrol Vaginal Cream 0.01%"
767,"Diethylstilbestrol Tablet"
768,"Diflucortalone 0.1% Ointment"
769,"Digitoxin Tablet"
770,"Digoxin  Tablet"
771,"Digoxin Elixir"
772,"Digoxin Infusion"
773,"Digoxin Specific Antibody Bolus Injection"
774,"Digoxin Specific Antibody Infusion"
775,"Dihydrocodeine  Tablet"
776,"Dihydrocodeine Elixir"
777,"Dihydrocodeine Injection [CD]"
778,"Dihydrocodeine MR Tablet"
779,"Diloxanide Tablet"
780,"Diltiazem  (Generic) Tablet MR"
781,"Diltiazem  (Tildiem LA) Capsule MR"
782,"Diltiazem  (Tildiem Retard) Tablet MR"
783,"Diltiazem (Adizem-XL) Capsule MR"
784,"Dimeticone 10% /Cetrimide 0.3% Cream"
785,"Dimeticone Cream"
786,"Dinoprostone Injection"
787,"Dinoprostone Pessary"
788,"Dinoprostone Vaginal Gel"
789,"Dinoprostone Vaginal Tablet"
790,"Dioralyte Oral Powder"
791,"Dipivefrine Eye Drop 0.1%"
792,"Diprobase Cream"
793,"Diprosalic Ointment"
794,"Diprosalic Scalp Application"
795,"Dipyridamole  Tablet"
796,"Dipyridamole Injection"
797,"Dipyridamole MR Capsule"
798,"Dipyridamole Sugar Free Syrup"
799,"Discharge Drug List"
800,"Disopyramide Capsule"
801,"Disopyramide Injection"
802,"Disopyramide MR Tablet"
803,"Distigmine Bromide Tablet"
804,"Disulfiram Tablet"
805,"Dithranol 0.1% in Lassars Paste"
806,"Dithranol 0.25% in Lassars Paste"
807,"Dithranol 0.5% in Lassars Paste"
808,"Dithranol 1% in Lassars Paste"
809,"Dithranol 2% in Lassars Paste"
810,"Dithranol Cream 0.1%"
811,"Dithranol Cream 0.5%"
812,"Dithranol Cream 1%"
813,"Dithranol Cream 2%"
814,"Docetaxel Injection"
815,"Docusate Sodium Capsule"
816,"Docusate Sodium Solution"
817,"Dolutegravir Tablet"
818,"Domperidone  Tablet"
819,"Domperidone Suppository"
820,"Domperidone Suspension"
821,"Donepezil Tablet"
822,"Dopexamine Infusion"
823,"Dornase Alfa Nebuliser Solution"
824,"Dorzolamide 2%/Timolol 0.5% Eye Drop"
825,"Dorzolamide Eye Drop 2%"
826,"Dosulepin Capsule"
827,"Dosulepin Tablet"
828,"Doublebase Gel"
829,"Dovobet Ointment"
830,"Dovonex Scalp Application"
831,"Doxapram Infusion"
832,"Doxazosin Tablet"
833,"Doxazosin XL Tablet"
834,"Doxepin Capsule"
835,"Doxepin Cream"
836,"Doxorubicin Injection"
837,"Doxycycline Capsule"
838,"Doxycycline Dispersible Tablet"
839,"Doxycycline Injection"
840,"Drapolene Cream"
841,"Dronedarone Tablet"
842,"Droperidol Injection"
843,"Duloxetine Capsule (Cymbalta)"
844,"Duloxetine Capsule (Yentreve)"
845,"Duoderm Dressing 7.5cmx7.5cm"
846,"Duoderm Extra Thin Dressing 10cmx10cm"
847,"Duoderm Extra Thin Dressing 15cmx15cm"
848,"Duphaston HRT"
849,"Dutasteride Capsule"
850,"Dydrogesterone Tablet"
851,"E45 Cream"
852,"E45 Sun SPF 25 Lotion"
853,"E45 Sun SPF 50 Lotion"
854,"Econazole 1% Cream"
855,"Econazole 1% Eye Drops"
856,"Econazole Pessary 150mg"
857,"Eculizumab Infusion"
858,"Edrophonium Injection"
859,"Efavirenz Capsule"
860,"Efavirenz Oral Solution"
861,"Efavirenz Tablet"
862,"Elemental Liquid"
863,"Elemental Sachet"
864,"Eltrombopag Tablet"
865,"Elyzol Gel"
866,"Emla Cream 5%"
867,"Emtricitabine Tablet"
868,"Emulsifying Ointment"
869,"Enalapril Maleate Tablet"
870,"Enfuvirtide Injection"
871,"Enoxaparin Pre-Filled Syringe"
872,"Enoximone Injection"
873,"Entacapone Tablet"
874,"Entecavir Oral Solution"
875,"Entecavir Tablets"
876,"Epaderm Ointment"
877,"Ephedrine Injection"
878,"Ephedrine Nasal Drop 0.5%"
879,"Ephedrine Nasal Drop 1%"
880,"Ephedrine Tablet"
881,"Epirubicin Injection"
882,"Eplerenone Tablet"
883,"Epoetin Alfa (Eprex) Syringe [ESA]"
884,"Epoetin Beta (NeoRecormon) Syringe [ESA]"
885,"Epoetin Zeta Injection (Retacrit) [ESA]"
886,"Eptotermin Alfa Implant"
887,"Ergocalciferol Injection"
888,"Ergocalciferol Tablet"
889,"Ergometrine 500mcg & Oxytocin 5units per ml Injection"
890,"Ergometrine Injection"
891,"Ergotamine 1mg / Caffeine 100mg Tablet"
892,"Erlotinib Tablet"
893,"Ertapenem Injection"
894,"Erythromycin  Tablet EC"
895,"Erythromycin 2% Topical Solution"
896,"Erythromycin Lactobionate Infusion"
897,"Erythromycin Syrup"
898,"Escitalopram Tablet"
899,"Eskornade MR Capsule"
900,"Eslicarbazepine Acetate Tablet"
901,"Esmolol Infusion"
902,"Estradiol & Norethisterone Patch 50/170 micrograms (Evorel Conti)"
903,"Estradiol Implant"
904,"Estradiol Nasal Spray 150mcg"
905,"Estradiol Patch (Estraderm MX)"
906,"Estradiol Patch (Evorel)"
907,"Estradiol Patch (Fematrix)"
908,"Estradiol Patch (FemSeven)"
909,"Estradiol Tablet"
910,"Estradiol Vaginal Ring 7.5mcg/24hrs"
911,"Estradiol Vaginal Tablet 25mcg"
912,"Estradiol/Norethisterone 2mg/1mg Tablet"
913,"Estriol 0.01% Intravaginal Cream"
914,"Estriol Cream 0.1%"
915,"Estriol Pessary"
916,"Etamsylate Tablet"
917,"Etanercept Injection"
918,"Ethambutol Suspension"
919,"Ethambutol Tablet"
920,"Ethanolamine Oleate 5% Injection"
921,"Ethinylestradiol & Etonogestrel Vaginal Ring"
922,"Ethinylestradiol Tablet With Gestodene"
923,"Ethinylestradiol Tablet"
924,"Ethosuximide Capsule"
925,"Ethosuximide Syrup"
926,"Ethyl Chloride Spray"
927,"Etidronate Disodium Tablet"
928,"Etilefrine Tablet"
929,"Etomidate Injection"
930,"Etonogestrel Implant 68mg"
931,"Etoposide Capsule"
932,"Etoposide Injection"
933,"Etravirine Tablet"
934,"Eugynon 30 Tablet"
935,"Eurax HC Cream"
936,"European Viper Venom Antiserum"
937,"Eviplera (200mg/25mg/245mg) Tablet"
938,"Evorel Sequi Patch"
939,"Exemestane Tablets"
940,"Exenatide Injection"
941,"Exenatide prolonged-release Injection (Bydureon)"
942,"Ezetimibe Tablet"
943,"Famciclovir Tablet"
944,"Febuxostat Tablet"
945,"Felbinac Gel 3%"
946,"Felodipine MR Tablet"
947,"Femodene Tablet"
948,"Femoston Tablet"
949,"Femulen Tablet"
950,"Fenbufen Tablet"
951,"Fenofibrate (Micronised) Capsule"
952,"Fenofibrate Tablet"
953,"Fentanyl Injection [CD]"
954,"Fentanyl Lozenge 200 microgram [CD]"
955,"Fentanyl Lozenge 400 microgram [CD]"
956,"Fentanyl Lozenge 600 microgram [CD]"
957,"Fentanyl Patch 100 microgram [CD]"
958,"Fentanyl Patch 12 microgram [CD]"
959,"Fentanyl Patch 25 microgram [CD]"
960,"Fentanyl Patch 50 microgram [CD]"
961,"Fentanyl Patch 75 microgram [CD]"
962,"Fentanyl Sublingual Tablet (Abstral)"
963,"Ferric Carboxymaltose Infusion"
964,"Ferrous  Sulphate Tablet"
965,"Ferrous Fumarate Syrup"
966,"Ferrous Fumarate Tablet"
967,"Ferrous Gluconate Tablet"
968,"Ferrous Glycine Sulphate Syrup"
969,"Ferrous Sulphate Modified Release Tablet"
970,"FerrousFumarate322mg/FolicAcid350mcg Tab"
971,"FerrousSulphate150mg/FolicAcid500mcg Cap"
972,"FerrousSulphate325mg/FolicAcid350mcg Tab"
973,"Fexofenadine Tablet"
974,"Fidaxomicin Tablet"
975,"Filgrastim  Injection"
976,"Filgrastim (NEUPOGEN) Injection"
977,"Filgrastim Continuous Infusion"
978,"Filgrastim Intermittent Infusion"
979,"Finasteride Tablet"
980,"Fingolimod Capsule"
981,"Flavoxate Tablet"
982,"Flecainide  Tablet"
983,"Flecainide Infusion"
984,"Flecainide Injection"
985,"Flecainide Liquid"
986,"Flucloxacillin Capsule"
987,"Flucloxacillin Infusion"
988,"Flucloxacillin Injection"
989,"Flucloxacillin Syrup"
990,"Fluconazole Capsule"
991,"Fluconazole Infusion"
992,"Fluconazole Suspension"
993,"Flucytosine Infusion"
994,"Flucytosine Tablet"
995,"Fludarabine Injection"
996,"Fludarabine Tablet"
997,"Fludrocortisone Tablet"
998,"Fludroxycortide Tape (4mcg/cm2)"
999,"Flumazenil Injection"
1000,"Flunarizine Tablet"
1001,"Fluocinolone 0.025%/Clioquinol 3% Oint"
1002,"Fluorescein Minims 2%"
1003,"Fluorometholone Eye Drop 0.1%"
1004,"Fluorouracil Capsule"
1005,"Fluorouracil Cream 5%"
1006,"Fluorouracil Injection"
1007,"Fluoxetine Capsule"
1008,"Fluoxetine Liquid"
1009,"Flupentixol Decanoate Injection"
1010,"Flupentixol Tablet"
1011,"Fluphenazine Decanoate Injection"
1012,"Fluphenazine500mcg/Nortriptyline10mg Tab"
1013,"Flurbiprofen 0.03% Eye Drop"
1014,"Flurbiprofen Tablet"
1015,"Flutamide Tablet"
1016,"Fluticasone Accuhaler 100mcg"
1017,"Fluticasone Accuhaler 250mcg"
1018,"Fluticasone Accuhaler 500mcg"
1019,"Fluticasone Accuhaler 50mcg"
1020,"Fluticasone Aerosol Inhaler 125mcg"
1021,"Fluticasone Aerosol Inhaler 250mcg"
1022,"Fluticasone Aerosol Inhaler 25mcg"
1023,"Fluticasone Aerosol Inhaler 50mcg"
1024,"Fluticasone Diskhaler 100mcg"
1025,"Fluticasone Diskhaler 250mcg"
1026,"Fluticasone Nasal Spray 50mcg"
1027,"Flutiform Inhaler (Fluticasone 125mcg and Formoterol 5mcg)"
1028,"Flutiform Inhaler (Fluticasone 250mcg and Formoterol 10mcg)"
1029,"Fluvastatin Capsule"
1030,"Fluvoxamine Tablet"
1031,"Folic Acid  Tablet"
1032,"Folic Acid Injection"
1033,"Folic Acid Oral Solution"
1034,"Folinic Acid Injection"
1035,"Follitrophin Alfa Injection"
1036,"Fondaparinux Sodium Infusion"
1037,"Fondaparinux Sodium Injection"
1038,"Forceval Capsules"
1039,"Forceval Effervescent Tablet"
1040,"Forceval Junior Capsule"
1041,"Formoterol Turbohaler 12mcg"
1042,"Formoterol Turbohaler 6mcg"
1043,"Fortijelly"
1044,"Fortijuce"
1045,"Fortipudding"
1046,"Fortisip Compact"
1047,"Fortisip Extra"
1048,"Fortisip Yogurt"
1049,"Fortisips"
1050,"Fosamprenavir Oral Solution"
1051,"Fosamprenavir Tablets"
1052,"Foscarnet Infusion"
1053,"Fosfestrol Tetrasodium Tablet"
1054,"Fosfomycin Injection"
1055,"Fosfomycin Trometamol Sachet"
1056,"Fosinopril Tablet"
1057,"Fucibet Cream"
1058,"Full Fat Milk"
1059,"Furosemide  Tablet"
1060,"Furosemide Infusion (Continuous)"
1061,"Furosemide Infusion (Intermittent)"
1062,"Furosemide Injection"
1063,"Furosemide Liquid Paediatric"
1064,"Furosemide Liquid"
1065,"Fusidic Acid 1% Eye Drop"
1066,"Fusidic Acid Cream 2%"
1067,"Fusidic Acid Gel 2%"
1068,"Fusidic Acid Ointment 2%"
1069,"Fusidic Acid Suspension"
1070,"Fusidic2%/Hydrocortisone1% Cream"
1071,"Fusidic2%/Hydrocortisone1% Gel"
1072,"Fusidic2%/Hydrocortisone1% Ointment"
1073,"Gabapentin Capsule"
1074,"Galantamine MR Tablets"
1075,"Galantamine Oral Soultion"
1076,"Galantamine Tablets"
1077,"Ganciclovir Capsule"
1078,"Ganciclovir Infusion"
1079,"Ganfort Eye Drop"
1080,"Gastrocote Tablet"
1081,"Gastrografin Liquid"
1082,"Gaviscon Advance"
1083,"Gaviscon Infant Powder"
1084,"Gelatin Intravenous Infusion (Volplex)"
1085,"Geliperm Wet Dressing"
1086,"Gelofusine Infusion"
1087,"Gemcitabine Injection"
1088,"Gemeprost Pessary"
1089,"Gemfibrozil Capsule"
1090,"Gentamicin Cream 0.1%"
1091,"Gentamicin Drop 0.3%"
1092,"Gentamicin Drops 0.3% Preservative Free"
1093,"Gentamicin Drug Level Reminder"
1094,"Gentamicin Eye Drop 1.5%"
1095,"Gentamicin Injection"
1096,"Gentamicin Oral Solution"
1097,"Gentisone HC Ear Drop"
1098,"Glatiramer Acetate Injection"
1099,"Glibenclamide Tablet"
1100,"Gliclazide Modified Release Tablet"
1101,"Gliclazide Tablet"
1102,"Glimepiride Tablet"
1103,"Glipizide Tablet"
1104,"Glucagon Injection IM/SC/IV"
1105,"Glucose  5% Infusion"
1106,"Glucose 10% Infusion"
1107,"Glucose 20% Infusion"
1108,"Glucose 4% & Sodium Chloride 0.18% Infusion"
1109,"Glucose 5% & Sodium Chloride 0.9& Infusion"
1110,"Glucose 5% Infusion"
1111,"Glucose 50% Infusion"
1112,"Glucose Gel 40%"
1113,"Glucose Powder"
1114,"Glucostix Reagent"
1115,"Glutamine (Dipeptiven) Injection"
1116,"Glutamine Capsule"
1117,"Glutamine Powder"
1118,"Glycerin Sterile"
1119,"Glycerin Suppository Adults 4g"
1120,"Glycerin Suppository Children 2g"
1121,"Glycerin Suppository Infants 1g"
1122,"Glyceryl Trinitrate  SL Tab 500mcg"
1123,"Glyceryl Trinitrate  Spray 400mcg"
1124,"Glyceryl Trinitrate 0.2% Ointment"
1125,"Glyceryl Trinitrate 0.4%  (Rectogesic)"
1126,"Glyceryl Trinitrate 2% Ointment"
1127,"Glyceryl Trinitrate 50mg in 50ml Infusion"
1128,"Glyceryl Trinitrate Spray (PGD)"
1129,"Glyceryl Trinitrate Transdermal Patch"
1130,"Glycopyrrolate Solution"
1131,"Glycopyrronium Injection (for ORAL use)"
1132,"Glycopyrronium Injection"
1133,"Glycopyrronium Powder"
1134,"Glycopyrronium Tablet"
1135,"Gonadorelin Injection"
1136,"Goserelin Depot SC Implant"
1137,"Granisetron Infusion"
1138,"Granisetron Injection"
1139,"Granisetron Liquid"
1140,"Granisetron Tablet"
1141,"Granuflex Bordered Dressing 10cmx13cm"
1142,"Granuflex Bordered Dressing 15cmx15cm"
1143,"Granuflex Bordered Dressing 15cmx18cm"
1144,"Granuflex Dressing 10cmx10cm"
1145,"Grazax Oral Lyophilisates"
1146,"Griseofulvin Suspension"
1147,"Griseofulvin Tablet"
1148,"Gynefix IUD"
1149,"Haem arginate Infusion"
1150,"Haemaccel Infusion"
1151,"Haemophilus Influenzae TypeB Vaccine"
1152,"Haemophilus Type B and Meningococcal Group C Conjugate Vaccine"
1153,"Haemorrhoid Relief Cream"
1154,"Haemorroid Relief Ointment"
1155,"Haleraid"
1156,"Haloperidol  Tablet"
1157,"Haloperidol (Multiroute)"
1158,"Haloperidol Capsule"
1159,"Haloperidol Decanoate Injection"
1160,"Haloperidol Injection"
1161,"Haloperidol Liquid Concentrate"
1162,"Haloperidol Liquid"
1163,"Hand Cream"
1164,"Heparin  Infusion"
1165,"Heparin Injection"
1166,"Heparin Sodium Injection (line-flush)"
1167,"Heparinoid with Hyaluronidase Ointment"
1168,"Hepatitis  B vaccine (HB PRO vac)"
1169,"Hepatitis A Vaccine"
1170,"Hepatitis B Immunoglobulin Injection"
1171,"Hepatitis B Vaccine (Rby) Syringe Pack"
1172,"Hirudoid Cream"
1173,"Homatropine Eye Drop 1%"
1174,"Homatropine Minims 2%"
1175,"Homecare Prescription"
1176,"Homecare Registration Form"
1177,"Hormonin Tablet"
1178,"Humalog (insulin lispro)"
1179,"Humalog Mix 50 (Insulin Biphasic Lispro) [NON FORMULARY]"
1180,"Humalog Mix25 (Insulin Biphasic Lispro) [NON FORMULARY]"
1181,"Humulin I (Insulin Human Isophane)"
1182,"Humulin M3 (Insulin Human Biphasic Isophane)"
1183,"Humulin S (insulin human soluble)"
1184,"Hyalan G-F 20 Intra-Articular Injection"
1185,"Hydralazine Injection"
1186,"Hydralazine Tablet"
1187,"Hydrochlorothiazide Tablet"
1188,"Hydrocortisone 1.5% / Neomycin 0.5% Drop"
1189,"Hydrocortisone 17-Butyrate Cream 0.1%"
1190,"Hydrocortisone Acetate Injection"
1191,"Hydrocortisone Butyrate Lipolotion"
1192,"Hydrocortisone Cream 0.5%"
1193,"Hydrocortisone Cream 1%"
1194,"Hydrocortisone Cream 2.5%"
1195,"Hydrocortisone Eye Ointment 0.5%"
1196,"Hydrocortisone Ointment 0.5%"
1197,"Hydrocortisone Ointment 1%"
1198,"Hydrocortisone Ointment 2.5%"
1199,"Hydrocortisone Pellet"
1200,"Hydrocortisone Sod Phosphate Injection"
1201,"Hydrocortisone Sod Succinate Infusion"
1202,"Hydrocortisone Sod Succinate Injection"
1203,"Hydrocortisone Suspension"
1204,"Hydrocortisone Tablet"
1205,"Hydrocortisone0.1% Chlorquinaldol3% Crm"
1206,"Hydrocortisone0.1% Chlorquinaldol3% Oint"
1207,"Hydrogen Peroxide Cream 1%"
1208,"Hydrogen Peroxide Cream 1.5%"
1209,"Hydrogen Peroxide Solution 3% (10vol)"
1210,"Hydromol Emollient Bath Additive"
1211,"Hydromorphone Hydrochloride Capsule [CD]"
1212,"Hydromorphone Hydrochloride MR Capsule [CD]"
1213,"Hydroxocobalamin Injection"
1214,"Hydroxyapatite Tablet"
1215,"Hydroxycarbamide Capsule"
1216,"Hydroxycarbamide Suspension"
1217,"Hydroxychloroquine Sulphate Tablet"
1218,"Hydroxyzine Syrup"
1219,"Hydroxyzine Tablet"
1220,"Hyoscine Butylbromide Injection"
1221,"Hyoscine Butylbromide Tablet"
1222,"Hyoscine Hydrobromide Injection"
1223,"Hyoscine Hydrobromide Patch 1.5mg"
1224,"Hyoscine Hydrobromide Tablet"
1225,"Hypromellose Eye Drop 0.3%"
1226,"Hypromellose Eye Drop 0.5%"
1227,"Hypromellose Eye Drops 0.3% (Preservative Free)"
1228,"Hypurin Bovine Isophane (Insulin Bovine Isophane)"
1229,"Hypurin Bovine Lente (Insulin Bovine Zinc Suspension) [NON FORMULARY]"
1230,"Hypurin Bovine Neutral (Insulin Bovine Soluble) [NON FORMULARY]"
1231,"Hypurin Bovine Protamine Zinc (Insulin Bovine Protamine) [NON FORMULARY]"
1232,"Hypurin Porcine 30/70 Mix (Insulin Porcine Biphasic Isophane) [NON FORMULARY]"
1233,"Hypurin Porcine Isophane (Insulin Porcine Isophane) [NON FORMULARY]"
1234,"Hypurin Porcine Neutral (Insulin Porcine Soluble) [NON FORMULARY]"
1235,"Ibuprofen  Tablet"
1236,"Ibuprofen Suspension"
1237,"Ibuprofen Syrup"
1238,"Ibuprofen Tablet SR"
1239,"Icatibant Injection"
1240,"Ictotest"
1241,"Idarubicin Capsule"
1242,"Idarubicin Injection"
1243,"Ifosfamide Injection"
1244,"Imatinib Tablet"
1245,"Imipenem and Cilastin Injection"
1246,"Imipramine Syrup"
1247,"Imipramine Tablet"
1248,"Imiquimod 5% Cream"
1249,"Immac Hair Removing Cream"
1250,"Indapamide Tablet MR"
1251,"Indapamide Tablet"
1252,"Indinavir Capsule"
1253,"Indometacin Capsule"
1254,"Indometacin Injection"
1255,"Indometacin MR Capsule"
1256,"Indometacin Suppository"
1257,"Indometacin Suspension"
1258,"Indoramin Tablet"
1259,"Infacol Oral Suspension"
1260,"Infanrix-IPV Vaccine"
1261,"Influenza Vaccine Syringe Pack"
1262,"Inosine Pranobex Tablet"
1263,"Insulatard (Insulin Human Isophane)"
1264,"Insuman Basal (Insulin Human Isophane) [NON FORMULARY]"
1265,"Insuman Comb 15 (Insulin Human Biphasic Isophane) [NON FORMULARY]"
1266,"Insuman Comb 25 (Insulin Human Biphasic Isophane) [NON FORMULARY]"
1267,"Insuman Comb 50 (Insulin Human Biphasic Isophane) [NON FORMULARY]"
1268,"Insuman Rapid (Insulin Human Soluble) [NON FORMULARY]"
1269,"Interferon Alfa (IntronA) Injection"
1270,"Interferon Alfa (Roferon-A) Injection"
1271,"Interferon Beta-1a (Avonex) Injection"
1272,"Interferon Beta-1b (Betaferon) Injection"
1273,"Interferon Gamma Injection"
1274,"Intrasite Gel"
1275,"Iodine Aqueous Solution"
1276,"Iodoflex Dressing"
1277,"Ipratropium Aerosol Inhaler 20mcg"
1278,"Ipratropium Breath-activated Inh 20mcg"
1279,"Ipratropium Nasal Spray 21mcg"
1280,"Ipratropium Nebules"
1281,"Irbesartan 300mg and Hydrochlorothiazide 12.5mg Tablet"
1282,"Irbesartan Tablet"
1283,"Irinotecan Injection"
1284,"Iron Dextran  Infusion"
1285,"Iron Dextran  Injection"
1286,"Iron Hydroxide/Sucrose Complex Injection"
1287,"Iron Sucrose Infusion"
1288,"Iron Sucrose Injection"
1289,"Iron-Polysaccharide Complex Elixir SF"
1290,"Isocarboxazid Tablet"
1291,"Isoniazid Elixir"
1292,"Isoniazid Injection"
1293,"Isoniazid Tablet"
1294,"Isoprenaline Hydrochloride Tablet"
1295,"Isoprenaline Injection"
1296,"Isosorbide  Mononitrate  Tablet SR"
1297,"Isosorbide  Mononitrate Tablet"
1298,"Isosorbide Dinitrate Infusion"
1299,"Isosorbide Dinitrate Tablet"
1300,"Isotretinoin Capsule"
1301,"Isotrex 0.05% Gel"
1302,"Isotrexin Gel"
1303,"Ispaghula Husk Granules 3.5g"
1304,"Itraconazole Capsule"
1305,"Itraconazole Injection"
1306,"Itraconazole Oral Solution"
1307,"Ivabradine Tablet"
1308,"Ivacaftor Tablet"
1309,"Kaltostat Dressing 10cmx20cm"
1310,"Kaltostat Dressing 5cmx5cm"
1311,"Kaltostat Dressing 7.5cmx12cm"
1312,"Kaltostat Wound Cavity Packing 2g"
1313,"Kaolin and Morphine Mixture BP"
1314,"Kaolin Poultice"
1315,"KCl in Dextrose Saline Infusion (10mmol)"
1316,"KCl in Dextrose Saline Infusion (20mmol)"
1317,"KCl in Glucose  5% Infusion (10 mmol)"
1318,"KCl in Glucose  5% Infusion (20 mmol)"
1319,"KCl in Glucose 10% Infusion (10mmol)"
1320,"KCl in Glucose 10% Infusion (20mmol)"
1321,"KCl in Glucose 5% Infusion (40mmol)"
1322,"KCl in Glucose 5%Infusion (40 mmol)"
1323,"KCl in Sodium Chloride 0.9% Infusion (10mmoll)"
1324,"KCl in Sodium Chloride 0.9% Infusion (20mmoll)"
1325,"KCl in Sodium Chloride 0.9% Infusion (40mmoll)"
1326,"KCl in Sodium Chloride 0.9% Infusion (5mmoll)"
1327,"KCl in0.9% Sodium Chloride Infusion(40mmol)"
1328,"KCl in0.9%Sodium Chloride Infusion(10mmol)"
1329,"KCl in0.9%Sodium Chloride Infusion(20mmol)"
1330,"Ketamine Injection [CD]"
1331,"Ketanserin Tablet"
1332,"Keto-Diastix Reagent"
1333,"Ketoconazole Cream 2%"
1334,"Ketoconazole Shampoo 2%"
1335,"Ketoconazole Suspension"
1336,"Ketoconazole Tablet"
1337,"Ketoprofen Capsule"
1338,"Ketoprofen Gel"
1339,"Ketorolac 0.5% Eye Drop"
1340,"Ketorolac Trometamol IM Injection"
1341,"Ketostix Reagent"
1342,"Ketotifen Elixir"
1343,"Ketovite Liquid"
1344,"Ketovite Tablet"
1345,"Ketur-Test Test Strips"
1346,"Kivexa Tablets"
1347,"Klean-Prep Sachet"
1348,"Kliovance Tablet"
1349,"L-ornithine L-aspartate Sachet"
1350,"Labetalol Infusion"
1351,"Labetalol Injection"
1352,"Labetalol Tablet"
1353,"Lacidipine Tablet"
1354,"Lacosamide Infusion"
1355,"Lacosamide Oral Syrup"
1356,"Lacosamide Tablet"
1357,"Lacri-Lube Eye Ointment"
1358,"Lactose Powder"
1359,"Lactulose Solution 3.35g/5mL"
1360,"Lamivudine Solution"
1361,"Lamivudine Tablet"
1362,"Lamotrigine Dispersible Tablet"
1363,"Lamotrigine Tablet"
1364,"Lanreotide Injection"
1365,"Lansoprazole Capsule"
1366,"Lansoprazole Orodispersible Tablet"
1367,"Lansoprazole Suspension"
1368,"Lanthanum Carbonate Tablet"
1369,"Lantus (Insulin Glargine)"
1370,"Lapatinib Tablet"
1371,"Latanoprost Eye Drop 50mcg/mL"
1372,"Laxido Sachet"
1373,"Leflunomide Tablet"
1374,"Lenalidomide Capsule"
1375,"Lenograstim 13.4 million unit Injection"
1376,"Lenograstim 33.6 million unit Injection"
1377,"Lercanidipine Tablet"
1378,"Letrozole Tablets"
1379,"Leuprorelin Depot Injection"
1380,"Levemir (Insulin Detemir)"
1381,"Levest Tablet 150/30mcg"
1382,"Levetiracetam Intravenous Infusion"
1383,"Levetiracetam Oral Solution"
1384,"Levetiracetam Tablet"
1385,"Levobunolol Eye Drop 0.5%"
1386,"Levobupivacaine Injection"
1387,"Levodopa, Carbidopa & Entacapone Tablet 100/25/200mg"
1388,"Levodopa, Carbidopa & Entacapone Tablet 125/31.25/200mg"
1389,"Levodopa, Carbidopa & Entacapone Tablet 150/37.5/200mg"
1390,"Levodopa, Carbidopa & Entacapone Tablet 200/50/200mg"
1391,"Levodopa, Carbidopa & Entacapone Tablet 50/12.5/200mg"
1392,"Levodopa, Carbidopa & Entacapone Tablet 75/18.75/200mg"
1393,"Levofloxacin 0.5% Eye Drop (preservative free)"
1394,"Levofloxacin Injection"
1395,"Levomepromazine Injection"
1396,"Levomepromazine Multiroute"
1397,"Levomepromazine Tablet"
1398,"Levonelle 1500 Tablet"
1399,"Levonorgestrel Intrauterine (Mirena)"
1400,"Levosimendan Infusion (Loading)"
1401,"Levosimendan Infusion (Maintenance)"
1402,"Levothyroxine Oral Solution"
1403,"Levothyroxine Tablet"
1404,"Lidocaine 0.2% Infusion"
1405,"Lidocaine 0.5% / Adrenaline 1/200000 Inj"
1406,"Lidocaine 0.5% Paravertebral Infusion"
1407,"Lidocaine 1% / Adrenaline 1/200000 Inj"
1408,"Lidocaine 1% Epidural Injection"
1409,"Lidocaine 1.5% Epidural Injection"
1410,"Lidocaine 10% Aerosol Spray"
1411,"Lidocaine 2% / Adrenaline 1/200000 Inj"
1412,"Lidocaine 2% / Chlorhexidine 0.25% Gel"
1413,"Lidocaine 2% Gel"
1414,"Lidocaine 2% Topical Solution"
1415,"Lidocaine 4% / Fluorescein 0.25% Minims"
1416,"Lidocaine 4% Topical Solution"
1417,"Lidocaine 5% Medicated Plaster - REMOVAL"
1418,"Lidocaine 5% Medicated Plaster"
1419,"Lidocaine 5% Ointment"
1420,"Lidocaine Injection 0.5%"
1421,"Lidocaine Injection 1%"
1422,"Lidocaine Injection 2%"
1423,"Linaclotide Capsule"
1424,"Linezolid Injection"
1425,"Linezolid Liquid"
1426,"Linezolid Tablet"
1427,"Liothyronine Sodium Injection"
1428,"Liothyronine Sodium Tablet"
1429,"Lipobase Cream"
1430,"Liquid and White Soft Paraffin Ointment"
1431,"Liquid and White Soft Paraffin Spray"
1432,"Liquid Paraffin & Mg Hydroxide Emulsion"
1433,"Liquid Paraffin Eye Ointment"
1434,"Liquid Paraffin"
1435,"Liquifilm Eye Drops"
1436,"Liquigen Liquid (Emulsion)"
1437,"Liraglutide Injection (Pre-filled Pen)"
1438,"Lisinopril Tablet"
1439,"Lisuride Maleate Tablet"
1440,"Lithium Carbonate (Camcolit) MR Tablet"
1441,"Lithium Carbonate (Camcolit) Tablet"
1442,"Lithium Carbonate (Priadel) MR Tablet"
1443,"Lithium Citrate Oral Solution"
1444,"Locoid Cream"
1445,"Locoid Ointment"
1446,"Locorten-Vioform Ear  Drop"
1447,"Lodoxamide Eye Drop 0.1%"
1448,"Loestrin 20 Tablet"
1449,"Loestrin 30 Tablet"
1450,"Lofepramine  Tablet"
1451,"Lofepramine Sugar Free Suspension"
1452,"Lofexidine Tablet"
1453,"Logynon ED Tablet"
1454,"Logynon Tablet"
1455,"Lomustine Capsule"
1456,"Loperamide Capsule"
1457,"Loperamide Syrup"
1458,"Lopinavir & Ritonavir (400mg/100mg in 5 ml) Oral Solution (Kaletra)"
1459,"Lopinavir 100mg & Ritonavir 25mg Tablet (Kaletra)"
1460,"Lopinavir 200mg & Ritonavir 50mg Tablet (Kaletra)"
1461,"Loprazolam Tablet"
1462,"Loratadine  Tablet"
1463,"Loratadine Syrup"
1464,"Lorazepam (Multiroute)"
1465,"Lorazepam Injection"
1466,"Lorazepam Tablet"
1467,"Losartan Potassium Tablet"
1468,"Loteprednol Eye Drops"
1469,"Lotriderm Cream"
1470,"Lubricating Gel"
1471,"Lucozade Liquid"
1472,"Lugol's Solution"
1473,"Lyofoam Extra Adhesive"
1474,"Lyofoam Sponge 10cmx10cm"
1475,"Maalox Suspension"
1476,"Magnesium Carbonate Capsule"
1477,"Magnesium Glycerophosphate Liquid"
1478,"Magnesium Glycerophosphate Tablet"
1479,"Magnesium Hydroxide Mixture"
1480,"Magnesium Oxide and Amino Acid Chelate Tablet"
1481,"Magnesium Sulphate  Infusion"
1482,"Magnesium Sulphate Mixture"
1483,"Magnesium Sulphate Paste"
1484,"Magnesium Trisilicate Mixture"
1485,"Malathion 0.5% Liquid"
1486,"Malathion 0.5% Lotion"
1487,"Malathion 1% Cream Shampoo"
1488,"Manevac Granule Sachet 4g"
1489,"Mannitol 10% Infusion"
1490,"Mannitol 20% Infusion"
1491,"Mannitol Infusion 10%"
1492,"Mannitol Infusion 20%"
1493,"Mannitol Powder for Inhalation"
1494,"Mantoux Test Injection"
1495,"Maprotiline Tablet"
1496,"Maraviroc Tablet"
1497,"Marvelon Tablet"
1498,"Maternity TTA Prescription"
1499,"Maxepa Capsule"
1500,"Maxitrol Eye Drop"
1501,"Maxitrol Eye Ointment"
1502,"MCT Feed"
1503,"Measles Mumps and Rubella Vaccine"
1504,"Mebendazole Suspension"
1505,"Mebendazole Tablet"
1506,"Mebeverine Liquid"
1507,"Mebeverine Tablet"
1508,"Medication History Recorded Elsewhere"
1509,"Medication Issues"
1510,"Medication Reconciliation Issues"
1511,"Medisense Optimum H Test Strips"
1512,"Medroxyprogesterone Acetate Injection"
1513,"Medroxyprogesterone Acetate Tablet"
1514,"Mefenamic Acid Capsule"
1515,"Mefenamic Acid Suspension"
1516,"Mefenamic Acid Tablet"
1517,"Mefloquine Tablet"
1518,"Megestrol Acetate Tablet"
1519,"Melatonin Liquid"
1520,"Melatonin Tablets"
1521,"Meloxicam Tablet"
1522,"Melphalan Injection"
1523,"Melphalan Tablet"
1524,"Memantine Oral Solution"
1525,"Memantine Tablet"
1526,"Menadiol Diphosphate Tablet"
1527,"Menadiol Sodium Phosphate Tablet"
1528,"Meningitis ACWY Vaccine"
1529,"Meningitis C Vaccine"
1530,"MeningococcalPolysaccharide Grps A&C Inj"
1531,"Menotrophin Injection"
1532,"Menthol 0.5% in Aqueous Cream"
1533,"Menthol 1.0% in Aqueous Cream"
1534,"Menthol 2% In Aqueous Cream"
1535,"Menthol 2% Phenol 1% in Aqueous Cream"
1536,"Menthol And Eucalyptus Inhalation"
1537,"Mepacrine Tablet"
1538,"Meprobamate Tablet"
1539,"Meptazinol Tablet"
1540,"Mercaptopurine Suspension"
1541,"Mercaptopurine Tablet"
1542,"Mercilon Tablet"
1543,"Meropenem Infusion"
1544,"Meropenem Injection"
1545,"Mesalazine Enema (Salofalk)"
1546,"Mesalazine Foam Enema (Asacol)"
1547,"Mesalazine Granules M/R (Pentasa)"
1548,"Mesalazine Granules M/R (Salofalk)"
1549,"Mesalazine Suppository (Asacol)"
1550,"Mesalazine Suppository (Salofalk)"
1551,"Mesalazine Tablet EC (Asacol MR)"
1552,"Mesalazine Tablet EC (Salofalk)"
1553,"Mesalazine Tablet MR (Mezavant XL)"
1554,"Mesalazine Tablet MR (Octasa)"
1555,"Mesalazine Tablet MR (Pentasa)"
1556,"Mesna Injection"
1557,"Mesna Tablet"
1558,"Mesterolone Tablet"
1559,"Metanium Ointment"
1560,"Metaraminol Injection"
1561,"Metformin M/R Tablet"
1562,"Metformin Oral Solution"
1563,"Metformin Tablet"
1564,"Methadone Injection [CD]"
1565,"Methadone Oral Concentrate [CD]"
1566,"Methadone Oral Solution [CD]"
1567,"Methadone Tablet [CD]"
1568,"Methenamine Hippurate Tablet"
1569,"Methenamine Hippurate"
1570,"Methionine Tablet"
1571,"Methotrexate 2.5mg Tablet (HIGH ALERT)"
1572,"Methotrexate Pre-filled Syringe"
1573,"Methotrexate Suspension (HIGH ALERT)"
1574,"Methoxamine Injection"
1575,"Methylcellulose Tablet"
1576,"Methyldopa Suspension"
1577,"Methyldopa Tablet"
1578,"Methylnaltrexone Injection"
1579,"Methylphenidate M/R Tablet [CD]"
1580,"Methylphenidate Tablet [CD]"
1581,"Methylprednisolone (as Sodium Succinate) Infusion"
1582,"Methylprednisolone (as Sodium Succinate) Injection"
1583,"Methylprednisolone Acetate Injection"
1584,"Methylprednisolone Tablet"
1585,"Methylthioninium Injection"
1586,"Methysergide Tablet"
1587,"Metoclopramide  (Multiroute)"
1588,"Metoclopramide  Tablet"
1589,"Metoclopramide Injection"
1590,"Metoclopramide Syrup"
1591,"Metolazone Tablet"
1592,"Metoprolol Injection"
1593,"Metoprolol Tablet MR"
1594,"Metoprolol Tablet"
1595,"Metosyn Ointment"
1596,"Metronidazole  Tablet"
1597,"Metronidazole 0.75% Gel  (Rozex)"
1598,"Metronidazole 0.75% Gel (Acea)"
1599,"Metronidazole 0.75% Gel (Metrogel)"
1600,"Metronidazole 0.75% Vaginal Gel"
1601,"Metronidazole 0.8% Gel"
1602,"Metronidazole Infusion"
1603,"Metronidazole Suppository"
1604,"Metronidazole Suspension"
1605,"Metyrapone Capsule"
1606,"Mexiletine Capsule"
1607,"Mexiletine Injection"
1608,"Mexiletine MR Capsule"
1609,"Mianserin Tablet"
1610,"Micafungin Infusion"
1611,"Miconazole 2% Intravaginal Cream"
1612,"Miconazole Cream"
1613,"Miconazole Oral Gel 2%"
1614,"Miconazole Pessary"
1615,"Micralax Micro-enema"
1616,"Microgynon 30 Tablet"
1617,"Micronor Tablet"
1618,"Microval Tablet"
1619,"Midazolam Buccal Liquid"
1620,"Midazolam Infusion [CD]"
1621,"Midazolam Injection [CD]"
1622,"Midazolam Liquid"
1623,"Midline"
1624,"Midodrine Tablet"
1625,"Midoptic Preservative Free Saline"
1626,"Mifepristone Tablets"
1627,"Milpar Oral Emulsion"
1628,"Milrinone Injection"
1629,"Minocycline Capsule"
1630,"Minocycline MR Capsule"
1631,"Minocycline Tablet"
1632,"Minoxidil 2% Solution"
1633,"Minoxidil Tablet"
1634,"Miraflow Daily Cleaning Solution"
1635,"Mircera Injection [ESA]"
1636,"Mirtazapine Orodispersible Tablets"
1637,"Mirtazapine Tablet"
1638,"Misoprostol Tablet (for Vaginal Use)"
1639,"Misoprostol Tablet"
1640,"Mitomycin Injection"
1641,"Mitotane Tablet"
1642,"Mitoxantrone Injection"
1643,"Mixtard 30 (Insulin Human Biphasic Isophane) [NOW DISCONTINUED]"
1644,"Moclobemide Tablet"
1645,"Modafinil Tablet"
1646,"Mometasone Furoate Cream"
1647,"Mometasone Furoate Ointment"
1648,"Mometasone Nasal Spray"
1649,"Monofer (Iron Isomaltoside) Infusion"
1650,"Montelukast Chewable Tablet"
1651,"Montelukast Granules"
1652,"Montelukast Tablet"
1653,"Morphine 0.1% Topical Gel [CD]"
1654,"Morphine Sulphate  Modified Release Tablet 30mg [CD]"
1655,"Morphine Sulphate (SEVREDOL) 10mg Immediate Release TABLET [CD]"
1656,"Morphine Sulphate (SEVREDOL) 20mg Immediate Release TABLET [CD]"
1657,"Morphine Sulphate (SEVREDOL) 50mg Immediate Release TABLET [CD]"
1658,"Morphine Sulphate 10mg in 5ml Immediate Release Oral Solution [CD]"
1659,"Morphine Sulphate Infusion [CD]"
1660,"Morphine Sulphate Injection 10mg in 1ml [CD]"
1661,"Morphine Sulphate Injection 15mg in 1ml Injection [CD]"
1662,"Morphine Sulphate Injection 30mg in 1ml Injection [CD]"
1663,"Morphine Sulphate Modified Release Capsule 100mg [CD]"
1664,"Morphine Sulphate Modified Release Capsule 10mg [CD]"
1665,"Morphine Sulphate Modified Release Capsule 200mg [CD]"
1666,"Morphine Sulphate Modified Release Capsule 30mg [CD]"
1667,"Morphine Sulphate Modified Release Capsule 60mg [CD]"
1668,"Morphine Sulphate Modified Release Suspension (Sachet) 100mg [CD]"
1669,"Morphine Sulphate Modified Release Suspension (Sachet) 20mg [CD]"
1670,"Morphine Sulphate Modified Release Suspension (Sachet) 30mg [CD]"
1671,"Morphine Sulphate Modified Release Suspension (Sachet) 60mg [CD]"
1672,"Morphine Sulphate Modified Release Tablet 100mg [CD]"
1673,"Morphine Sulphate Modified Release Tablet 10mg [CD]"
1674,"Morphine Sulphate Modified Release Tablet 15mg [CD]"
1675,"Morphine Sulphate Modified Release Tablet 200mg [CD]"
1676,"Morphine Sulphate Modified Release Tablet 5mg [CD]"
1677,"Morphine Sulphate Modified Release Tablet 60mg [CD]"
1678,"Morphine Sulphate Suppository [CD]"
1679,"Mouthwash Tablet"
1680,"Movelat Cream"
1681,"Movelat Gel"
1682,"Movicol  Sachet"
1683,"Moxifloxacin Tablet"
1684,"Moxisylyte Tablet"
1685,"Moxonidine Tablet"
1686,"Mucaine Suspension"
1687,"Multistix 8 SG Urine Test Strips"
1688,"Multistix SG Strips"
1689,"Multivitamin Capsule"
1690,"Multivitamin Drop (Abidec)"
1691,"Multivitamin Drops (Dalivit)"
1692,"Multivitamin Tablets"
1693,"Mupirocin Cream 2%"
1694,"Mupirocin Nasal Ointment 2%"
1695,"Mupirocin Ointment 2%"
1696,"Muromonab-CD3 Injection [CD]"
1697,"Mustine Injection"
1698,"Mycophenolate Mofetil (Cellcept)"
1699,"Mycophenolate Mofetil Infusion (as hydrochloride)"
1700,"Mycophenolate Mofetil Oral Suspension"
1701,"Mycophenolate Mofetil Tablet"
1702,"N-Acetylcysteine Infusion"
1703,"N-acetylcysteine infusion."
1704,"Nabilone Capsule [CD]"
1705,"Nabumetone  Tablet"
1706,"Nabumetone Suspension"
1707,"Naftidrofuryl Oxalate Capsule"
1708,"Nalidixic Acid Tablet"
1709,"Naloxone Continuous Infusion"
1710,"Naloxone Injection"
1711,"Naltrexone Tablet"
1712,"Nandrolone Decanoate Injection"
1713,"Naproxen  Tablet"
1714,"Naproxen EC Tablet"
1715,"Naseptin Cream"
1716,"Natalizumab Injection"
1717,"Navispare Tablet"
1718,"Nebivolol Tablet"
1719,"Nebuhaler With Mask"
1720,"Nebuhaler"
1721,"Nefazodone Tablet"
1722,"Nefopam Tablet"
1723,"Nelfinavir Tablet"
1724,"Neomycin Elixir"
1725,"Neomycin Sulphate Eye Drop 0.5%"
1726,"Neomycin Sulphate Eye Ointment 0.5%"
1727,"Neomycin Sulphate PF Minims 0.5%"
1728,"Neomycin Sulphate Tablet"
1729,"Neostigmine Bromide Tablet"
1730,"Neostigmine Injection"
1731,"Nephro-Vite Tablet"
1732,"Nepro Liquid (Sip Feed)"
1733,"Nepro"
1734,"Nevirapine Oral Suspension"
1735,"Nevirapine Prolonged Release Tablet"
1736,"Nevirapine Tablet"
1737,"Nicardipine Capsule"
1738,"Nicorandil Tablet"
1739,"Nicotinamide Capsule"
1740,"Nicotinamide Tablet"
1741,"Nicotine (Nicorette Invisi) Patch 10mg"
1742,"Nicotine (Nicorette Invisi) Patch 15mg"
1743,"Nicotine (Nicorette Invisi) Patch 25mg"
1744,"Nicotine (Nicotinell '10') Patch"
1745,"Nicotine (Nicotinell '20') Patch"
1746,"Nicotine (Nicotinell '30') Patch"
1747,"Nicotine Chewing Gum (Nicorette)"
1748,"Nicotine Inhalator (Nicorette)"
1749,"Nicotine Lozenge"
1750,"Nicotine Microtabs (Nicorette)"
1751,"Nicotine Nasal Spray"
1752,"Nicotine Oral Mouthspray 1mg/Spray (Nicorette Quickmist)"
1753,"Nicotine Orodispersible Film 2.5mg (NiQuitin Strips)"
1754,"Nicotinic Acid M/R Tablet"
1755,"Nicotinic Acid Tablet"
1756,"Nifedipine Capsule"
1757,"Nifedipine Suspension"
1758,"Nifedipine Tablet LA"
1759,"Nifedipine Tablet MR"
1760,"Nil By Mouth"
1761,"Nilotinib Capsule"
1762,"Nimodipine Infusion"
1763,"Nimodipine Tablet"
1764,"Nitisinone Capsule"
1765,"Nitrazepam  Tablet"
1766,"Nitrazepam Suspension"
1767,"Nitrofurantoin Capsule"
1768,"Nitrofurantoin Suspension"
1769,"Nitrofurantoin Tablet"
1770,"Nitrous Oxide Compressed Gas"
1771,"Nizatidine Capsule"
1772,"Noradrenaline Continuous Infusion"
1773,"Norethisterone Enenate Injection"
1774,"Norethisterone Tablet"
1775,"Norfloxacin Tablet"
1776,"Norgeston Tablet"
1777,"Noriday Tablet"
1778,"Norimin Tablet"
1779,"Norinyl-1 Tablet"
1780,"Normasol Sachets"
1781,"Nortriptylline Capsule"
1782,"Nortriptylline Tablet"
1783,"Novomix 30 (Insulin Human Biphasic Aspart)"
1784,"Novorapid (Insulin Aspart)"
1785,"Nutricia preOp Drink"
1786,"Nutrison Concentrated Enteral Feed"
1787,"Nutrison Energy Multi Fibre"
1788,"Nutrison Energy"
1789,"Nutrison Low Sodium Enteral Feed"
1790,"Nutrison Multifibre"
1791,"Nutrison Standard Enteral Feed"
1792,"Nutrizym GR Capsule"
1793,"Nystaform-HC Cream"
1794,"Nystatin 100 000units/g & Chlorhexidine 1% Cream"
1795,"Nystatin 100,000 units/g Vaginal Cream"
1796,"Nystatin Cream 100,000 units/g"
1797,"Nystatin Suspension 100,000 units/1mL"
1798,"Occlusal Application"
1799,"Octenisan Wash Lotion"
1800,"Octreotide Depot Injection"
1801,"Octreotide Infusion"
1802,"Octreotide Injection"
1803,"Oestradiol 2mg Norethisterone 1mg Tablet"
1804,"Ofloxacin 0.3% Eye Drop"
1805,"Ofloxacin Tablet"
1806,"Oilatum Emollient Bath Additive"
1807,"Oilatum Plus Bath Additive"
1808,"Oily Cream"
1809,"Olanzapine Orodispersible Tablet"
1810,"Olanzapine Tablet"
1811,"Olive Oil (Scalp Application)"
1812,"Olive Oil Ear Drops"
1813,"Olsalazine Sodium Capsule"
1814,"Olsalazine Sodium Tablet"
1815,"Omacor Capsule"
1816,"Omalizumab Injection"
1817,"Omega-3-Acid Ethyl Esters Capsule"
1818,"Omega-3-Marine Triglycerides Capsule"
1819,"Omeprazole Capsule"
1820,"Omeprazole Dispersible Tablet"
1821,"Omeprazole Infusion (Continuous)"
1822,"Omeprazole Infusion (Intermittent)"
1823,"Ondansetron Injection"
1824,"Ondansetron Multiroute"
1825,"Ondansetron Oral Solution"
1826,"Ondansetron Suppository"
1827,"Ondansetron Tablet"
1828,"Opsite Spray"
1829,"Optifree Express Solution"
1830,"Orabase Oral Paste"
1831,"Oral Hypoglycaemia Treatment"
1832,"Oral-Balance Gel"
1833,"Orlistat Capsule"
1834,"Orovite Tablet"
1835,"Orphenadrine Hydrochloride Tablet"
1836,"Oseltamivir Capsules"
1837,"Oseltamivir Oral Suspension"
1838,"Otomize Ear Spray"
1839,"Otosporin Ear Drop"
1840,"Ovran Tablet"
1841,"Ovranette Tablet"
1842,"Ovysmen Tablet"
1843,"Oxaliplatin Injection"
1844,"Oxazepam Tablet"
1845,"Oxcarbazepine Suspension"
1846,"Oxcarbazepine Tablet"
1847,"Oxerutins Capsule"
1848,"Oxprenolol Tablet"
1849,"Oxybuprocaine 0.4% Eye Drops"
1850,"Oxybutynin  Tablet"
1851,"Oxybutynin Bladder Instillation"
1852,"Oxybutynin Elixir"
1853,"Oxybutynin Patch 36mg (releasing 3.9mg over 24 hours)"
1854,"Oxybutynin Tablet MR"
1855,"Oxycel Dressing"
1856,"Oxycodone (oxyCONTIN) Modified Release Tablet 10mg [CD]"
1857,"Oxycodone (oxyCONTIN) Modified Release Tablet 20mg [CD]"
1858,"Oxycodone (oxyCONTIN) Modified Release Tablet 40mg [CD]"
1859,"Oxycodone (oxyCONTIN) Modified Release Tablet 5mg [CD]"
1860,"Oxycodone (oxyNORM) Immediate Release Capsule 10mg [CD]"
1861,"Oxycodone (oxyNORM) Immediate Release Capsule 20mg [CD]"
1862,"Oxycodone (oxyNORM) Oral Solution 5mg in 5ml [CD]"
1863,"Oxycodone Infusion [CD]"
1864,"Oxycodone Injection (1ml Ampoule) 10mg in 1ml [CD]"
1865,"Oxycodone Injection (2ml Ampoule) 20mg in 2ml [CD]"
1866,"Oxymetholone Tablet"
1867,"Oxytetracycline Tablet"
1868,"Oxytocin Injection"
1869,"Paclitaxel Injection"
1870,"Palivizumab Injection"
1871,"Pamidronate Disodium Infusion"
1872,"Pancreatin Capsule (Creon 10000)"
1873,"Pancreatin Capsule (Creon 25000)"
1874,"Pancreatin Capsule (Creon 40000)"
1875,"Pancreatin Capsule (Pancrease HL)"
1876,"Pancreatin Capsule (Pancrex V)"
1877,"Pancreatin Powder (Pancrex V)"
1878,"Pancreatin Tablet (Pancrex V Forte)"
1879,"Pancreolauryl Test Capsule"
1880,"Panoxyl Gel"
1881,"Pantoprazole Infusion"
1882,"Pantoprazole Injection"
1883,"Papaveretum and Hyoscine Injection [CD]"
1884,"Papaveretum Injection [CD]"
1885,"Papaverine Hydrochloride Injection"
1886,"Paracetamol  Tablet"
1887,"Paracetamol (Multiroute)"
1888,"Paracetamol Injection"
1889,"Paracetamol Suppository (PGD)"
1890,"Paracetamol Suppository"
1891,"Paracetamol Suspension (PGD)"
1892,"Paracetamol Suspension"
1893,"Paracetamol Tablet (PGD)"
1894,"Paracetamol Tablet Soluble"
1895,"Paraffin Gauze Dressing"
1896,"Paraffin Yellow Soft"
1897,"Paraldehyde 50% in Olive Oil Enema"
1898,"Paraldehyde 50% in Sunflower Oil Enema"
1899,"Paraldehyde Injection"
1900,"Parathyroid Hormone Injection"
1901,"Parecoxib Injection"
1902,"Paricalcitol Capsule"
1903,"Paromomycin Tablet"
1904,"Paroxetine  Tablet"
1905,"Paroxetine Oral Suspension"
1906,"PbR excluded drugs notification form"
1907,"Peak Flow Meter Low Range"
1908,"Peak Flow Meter Standard Range"
1909,"Peak Flow Observation"
1910,"Pediacel Vaccine"
1911,"PEG Care Observation"
1912,"Pegfilgrastim Injection"
1913,"Peginterferon Alfa-2a (Pegasys) Injection"
1914,"Peginterferon Alfa-2b (ViraferonPeg) Injection"
1915,"Pegvisomant Injection"
1916,"Pemetrexed Injection"
1917,"Penicillamine Tablet"
1918,"Penicillin 0.3% Eye Drop"
1919,"Pentamidine Isetionate Infusion"
1920,"Pentamidine Nebuliser Solution"
1921,"Pentastarch 6% Infusion"
1922,"Pentazocine Injection [CD]"
1923,"Pentazocine Tablet [CD]"
1924,"Pentosan Polysulphate Sodium Capsule"
1925,"Pentostatin Injection"
1926,"Pentoxifylline Injection"
1927,"Pentoxifylline Tablet"
1928,"Peppermint Oil MR / EC Capsule 0.2mL"
1929,"Peppermint Water"
1930,"Peptac Suspension"
1931,"Peptisorb"
1932,"Perampanel Tablet"
1933,"Perative Enteral Feed"
1934,"Pergolide Tablet"
1935,"Pericyazine Tablet"
1936,"Perindopril Tablet"
1937,"Peripheral Venous Access Observation"
1938,"Permethrin Cream 5%"
1939,"Permethrin Rinse 1%"
1940,"Pethidine Injection [CD]"
1941,"Pethidine Tablet"
1942,"Phenelzine Tablet"
1943,"Phenindione Tablet - Medication History"
1944,"Phenindione Tablet - TTA Order"
1945,"Phenindione Tablet"
1946,"Phenobarbital Oral Solution (alcohol free) [CD]"
1947,"Phenobarbital Sodium Injection [CD]"
1948,"Phenobarbital Tablet 15mg [CD]"
1949,"Phenobarbital Tablet 30mg [CD]"
1950,"Phenol (Oily) 5% Injection"
1951,"Phenothrin Lotion 0.2%"
1952,"Phenoxybenzamine Capsule"
1953,"Phenoxybenzamine Injection"
1954,"Phenoxymethylpenicillin Oral Solution"
1955,"Phenoxymethylpenicillin Tablet"
1956,"Phentolamine Mesylate Injection"
1957,"Phenylbutazone Tablet EC"
1958,"Phenylephrine Eye Drop 10%"
1959,"Phenylephrine Eye Drop 2.5%"
1960,"Phenylephrine Injection"
1961,"Phenylephrine Minims 10%"
1962,"Phenylephrine Minims 2.5%"
1963,"Phenytoin Capsule"
1964,"Phenytoin Chewable Tablet"
1965,"Phenytoin Sodium  Injection"
1966,"Phenytoin Sodium Infusion"
1967,"Phenytoin Suspension"
1968,"Phenytoin Tablet"
1969,"Pholcodine Sugar Free Linctus"
1970,"Phosphate Binding Mixture"
1971,"Phosphate Effervescent Tablet"
1972,"Phosphates Disposable Enema"
1973,"Phosphates Polyfusor Infusion"
1974,"Phytomenadione Injection"
1975,"Phytomenadione Oral Liquid"
1976,"Phytomenadione Paediatric Injection (For ORAL use)"
1977,"Phytomenadione Paediatric Injection"
1978,"Phytomenadione Tablet"
1979,"PICC Passport Completed"
1980,"Picolax Sachet"
1981,"Pilocarpine Eye Drop 0.1%"
1982,"Pilocarpine Eye Drop 0.5%"
1983,"Pilocarpine Eye Drop 1%"
1984,"Pilocarpine Eye Drop 2%"
1985,"Pilocarpine Eye Drop 3%"
1986,"Pilocarpine Eye Drop 4%"
1987,"Pilocarpine Eye Drop 6%"
1988,"Pilocarpine Isotonic Viscous Eye Drop 2%"
1989,"Pilocarpine Isotonic Viscous Eye Drop 4%"
1990,"Pilocarpine Minims 1%"
1991,"Pilocarpine Minims 2%"
1992,"Pilocarpine Minims 4%"
1993,"Pilocarpine Tablet"
1994,"Pimecrolimus 1% Cream"
1995,"Pimozide Tablet"
1996,"Pioglitazone Tablet"
1997,"Piperacillin and Tazobactam Infusion"
1998,"Piperacillin and Tazobactam Injection"
1999,"Piperazine 4g and Senna 15.3mg / Sachet"
2000,"Pipotiazine Injection"
2001,"Piracetam Oral Solution"
2002,"Pirfenidone Capsule"
2003,"Pizotifen  Tablet"
2004,"Pizotifen Elixir"
2005,"Pneumococcal Vaccine Injection"
2006,"Podophyllin Compound Paint"
2007,"Podophyllotoxin 0.15% Cream"
2008,"Podophyllotoxin 0.5% Solution"
2009,"Poliomyelitis Vaccine (Inactivated)"
2010,"Poliomyelitis Vaccine LIVE Oral"
2011,"Polyfax Eye Ointment"
2012,"Polyfax Ointment"
2013,"Polytar Emollient Liquid"
2014,"Polytar Liquid"
2015,"Polytar Plus Liquid"
2016,"Polyvinyl Alcohol Eye Drop"
2017,"Porfimer Sodium Injection"
2018,"Posaconazole Oral Solution"
2019,"Posaconazole Suspension"
2020,"Potassium Acid Phosphate Injection"
2021,"Potassium Ascorbate Eye Drop"
2022,"Potassium Canrenoate Injection"
2023,"Potassium Chloride (10mmol) in Glucose 10%"
2024,"Potassium Chloride (10mmol) in Glucose 4% & Sodium Chloride 0.18%"
2025,"Potassium Chloride (10mmol) in Glucose 5%"
2026,"Potassium Chloride (10mmol) in Sodium Chloride 0.9%"
2027,"Potassium Chloride (20mmol) in Glucose 10%"
2028,"Potassium Chloride (20mmol) in Glucose 4% & Sodium Chloride 0.18%"
2029,"Potassium Chloride (20mmol) in Glucose 5%"
2030,"Potassium Chloride (20mmol) in Sodium Chloride 0.9%"
2031,"Potassium Chloride (40mmol) in Glucose 5%"
2032,"Potassium Chloride (40mmol) in Sodium Chloride 0.9%"
2033,"Potassium Chloride 20mmol in 100ml Sodium Chloride 0.9% Infusion"
2034,"Potassium Chloride Modified Release Tablet"
2035,"Potassium Chloride Syrup"
2036,"Potassium Citrate Mixture"
2037,"Potassium Citrate Sachets"
2038,"Potassium Effervescent Tablet (Sando-K)"
2039,"Potassium Iodate Tablet"
2040,"Potassium Permanganate Solution"
2041,"Povidone Iodine Alcoholic Solution 10%"
2042,"Povidone Iodine Aqueous Solution 10%"
2043,"Povidone Iodine Dressing"
2044,"Povidone Iodine Dry Powder Spray 1.14% (Savlon Dry)"
2045,"Povidone Iodine Dry Powder Spray 2.5% (Betadine)"
2046,"Povidone Iodine Ointment 10%"
2047,"Povidone Iodine Paint 10%"
2048,"Povidone Iodine Skin Cleanser 4%"
2049,"Povidone Iodine Surgical Scrub 7.5%"
2050,"Pramipexole Tablet"
2051,"Prasugrel tablet"
2052,"Pravastatin Tablet"
2053,"Praziquantel Tablet"
2054,"Prazosin Tablet"
2055,"Pre-Nutrison Enteral Feed"
2056,"Precision Plus Test Strips"
2057,"Prednisolone & Neomycin 0.5% / 0.5% Drop"
2058,"Prednisolone EC Tablet"
2059,"Prednisolone Eye Drop 0.01%"
2060,"Prednisolone Eye Drop 0.03%"
2061,"Prednisolone Eye Drop 0.1%"
2062,"Prednisolone Eye Drop 1%"
2063,"Prednisolone Eye/Ear Drop 0.5%"
2064,"Prednisolone Foam"
2065,"Prednisolone Minims 0.5%"
2066,"Prednisolone PF Eye Drop 0.01%"
2067,"Prednisolone PF Eye Drop 0.1%"
2068,"Prednisolone PF Eye Drop 0.3%"
2069,"Prednisolone Retention Enema 20mg/100mL"
2070,"Prednisolone Suppository"
2071,"Prednisolone Tablet"
2072,"Prednisolone Tablet Soluble"
2073,"Pregabalin Capsule"
2074,"Premarin Tablet 0.625mg"
2075,"Premarin Tablet 1.25mg"
2076,"Premique Low Dose"
2077,"Premique Tablet"
2078,"Prempak-C 0.625 Tablet"
2079,"Prempak-C 1.25 Tablet"
2080,"Prilocaine Injection 0.5%"
2081,"Prilocaine Injection 1%"
2082,"Prilocaine Injection 2%"
2083,"Primaquine Tablet"
2084,"Primidone Suspension"
2085,"Primidone Tablet"
2086,"Probenecid Tablet"
2087,"Probiotic  NU278"
2088,"Procainamide Injection"
2089,"Procaine Benzylpenicillin Injection"
2090,"Procaine Hydrochloride Inj 2%"
2091,"Procarbazine Capsule"
2092,"Prochlorperazine  Tablet"
2093,"Prochlorperazine Buccal Tablet"
2094,"Prochlorperazine Injection"
2095,"Prochlorperazine Suppository"
2096,"Prochlorperazine Syrup"
2097,"Proctofoam HC Aerosol"
2098,"Procyclidine Injection"
2099,"Procyclidine Syrup"
2100,"Procyclidine Tablet"
2101,"Proflavine Cream"
2102,"Progesterone Injection"
2103,"Progesterone Pessary"
2104,"Tacrolimus Capsule (Prograf)"
2105,"Proguanil 100mg/Atovaquone 250mg Tablet"
2106,"Proguanil Hydrochloride Tablet"
2107,"Promazine  Tablet"
2108,"Promazine Suspension"
2109,"Promethazine Elixir"
2110,"Promethazine Hydrochloride  Tablet"
2111,"Promethazine Hydrochloride Multiroute"
2112,"Promethazine Injection"
2113,"Promethazine Theoclate Tablet"
2114,"Propaderm A Ointment"
2115,"Propafenone Tablet"
2116,"Propantheline Bromide Tablet"
2117,"Propofol  Infusion"
2118,"Propofol Injection"
2119,"Propranolol  Tablet"
2120,"Propranolol Injection"
2121,"Propranolol MR Capsule"
2122,"Propranolol Syrup"
2123,"Propylene Glycol in Aqueous Cream"
2124,"Propylthiouracil Tablet"
2125,"Protamine Sulphate Injection"
2126,"Protionamide Injection"
2127,"Protirelin Injection"
2128,"Proxymetacaine Minim"
2129,"Prucalopride Tablet"
2130,"Pseudoephedrine Elixir"
2131,"Pseudoephedrine Tablet"
2132,"Pulmocare"
2133,"Pyrazinamide Suspension"
2134,"Pyrazinimide Tablet"
2135,"Pyridostigmine Tablet"
2136,"Pyridoxine Injection"
2137,"Pyridoxine Oral Solution"
2138,"Pyridoxine Tablet"
2139,"Pyrimethamine 25mg and Sulfadoxine 500mg Tablet"
2140,"Pyrimethamine Tablet"
2141,"Quattro Multipurpose Solution"
2142,"Questran Light Sachet"
2143,"Quetiapine Tablet"
2144,"Quinagolide Tablet"
2145,"Quinidine Bisulphate Tablet MR"
2146,"Quinine Bisulphate Tablets"
2147,"Quinine Dihydrochloride Infusion"
2148,"Quinine Sulphate Tablet"
2149,"Quinupristin and Dalfopristin Injection"
2150,"Rabies Vaccine"
2151,"Raloxifene Tablet"
2152,"Raltegravir Tablet"
2153,"Ramipril Capsule"
2154,"Ramipril Tablet"
2155,"Ranibizumab Intravitreal Injection"
2156,"Ranitidine  Tablet"
2157,"Ranitidine Effervescent Tablet"
2158,"Ranitidine Injection"
2159,"Ranitidine Sugar Free Syrup"
2160,"Ranolazine M/R Tablet"
2161,"Rasagiline Tablet"
2162,"Rasburicase Injection"
2163,"Reboxetine Tablet"
2164,"Regaine Solution"
2165,"Regional Anaesthetic Infusion (Adult)"
2166,"Remifentanil Infusion [CD]"
2167,"Remifentanil Injection [CD]"
2168,"Repaglinide Tablet"
2169,"Repevax Injection"
2170,"Resource Optifiber Powder"
2171,"Revaxis Injection"
2172,"Ribavirin Capsule"
2173,"Ribavirin Infusion"
2174,"Ribavirin Inhalation"
2175,"Ribavirin Tablet"
2176,"Riboflavin Tablet"
2177,"Rifabutin Capsule"
2178,"Rifampicin Capsule"
2179,"Rifampicin Infusion"
2180,"Rifampicin Syrup"
2181,"Rifampicin150mg/Isoniazid 100mg Tablet"
2182,"Rifampicin300mg/Isoniazid 150mg Tablet"
2183,"Rifater 120mg/50mg/300mg Tablet"
2184,"Rifaximin Tablet"
2185,"Rilpivirine Tablet"
2186,"Riluzole Tablet"
2187,"Rimonobant Tablet"
2188,"Ringers Solution for Infusion"
2189,"Risedronate Sodium Tablet"
2190,"Risperidone Depot Injection"
2191,"Risperidone Dispersible Tablet"
2192,"Risperidone Liquid"
2193,"Risperidone Tablet"
2194,"Ritodrine Injection"
2195,"Ritodrine Tablet"
2196,"Ritonavir Solution"
2197,"Ritonavir Tablet"
2198,"Rituximab Injection"
2199,"Rivaroxaban Tablet"
2200,"Rivastigmine Capsule"
2201,"Rivastigmine Oral Solution"
2202,"Rizatriptan Wafer"
2203,"ROC Total Sunblock SPF 25 Cream"
2204,"Rofecoxib Tablet"
2205,"Ropinirole Tablet"
2206,"Rosiglitazone Tablet"
2207,"Rosuvastatin Tablet"
2208,"Rotahaler Device"
2209,"Rotigotine Patch"
2210,"Rufinamide Suspension"
2211,"Rufinamide Tablet"
2212,"Ruxolitinib Tablet"
2213,"S-Adenosylmethionine Injection"
2214,"Salbutamol  Aerosol Inhaler 100mcg"
2215,"Salbutamol Accuhaler 200mcg"
2216,"Salbutamol BreathActuated Inhaler 100mcg"
2217,"Salbutamol Diskhaler 200mcg"
2218,"Salbutamol Diskhaler 400mcg"
2219,"Salbutamol Infusion"
2220,"Salbutamol Injection"
2221,"Salbutamol Nebule (PGD)"
2222,"Salbutamol Nebules"
2223,"Salbutamol Rotacap 200mcg"
2224,"Salbutamol Rotacap 400mcg"
2225,"Salbutamol Sugar Free Liquid"
2226,"Salbutamol Tablet MR"
2227,"Salbutamol Tablet"
2228,"Salicylic Acid 2% in Zinc paste"
2229,"Salicylic Acid and Lactic Acid Gel"
2230,"Salicylic Acid and Lactic Acid Paint"
2231,"Salicylic Acid in White Soft Paraffin"
2232,"Salicylic Acid Ointment 2%"
2233,"Salicylic Acid Ointment 70%"
2234,"Salicylic Acid Plaster 40%"
2235,"Salmeterol Accuhaler 50mcg"
2236,"Salmeterol Aerosol Inhaler 25mcg"
2237,"Salmeterol Diskhaler 50mcg"
2238,"Saquinavir Capsule"
2239,"Saquinavir Tablet"
2240,"Scandishake Powder"
2241,"Sebco Scalp Ointment"
2242,"Secobarbital Capsule"
2243,"Selegiline Tablet"
2244,"Selenium Oral Solution"
2245,"Selsun Shampoo"
2246,"Senna  Tablet 7.5mg"
2247,"Senna Granules"
2248,"Senna Syrup 7.5mg/5mL"
2249,"Senna Tablet 7.5mg (PGD)"
2250,"Seretide  50 Evohaler (Fluticasone 50mcg and Salmeterol 25mcg)"
2251,"Seretide 100 Accuhaler (Fluticasone 100mcg and Salmeterol 50mcg)"
2252,"Seretide 125 Evohaler (Fluticasone 125mcg and Salmeterol 25mcg)"
2253,"Seretide 250 Accuhaler (Fluticasone 250mcg and Salmeterol 50mcg)"
2254,"Seretide 250 Evohaler (Fluticasone 250mcg and Salmeterol 25mcg)"
2255,"Seretide 500 Accuhaler (Fluticasone 500mcg and Salmeterol 50mcg)"
2256,"Sermorelin Injection"
2257,"Sertindole Tablet"
2258,"Sertraline Tablet"
2259,"Sevelamer Carbonate Powder for Oral Suspension"
2260,"Sevelamer Tablet"
2261,"Short Stay Patient - Discharge Medication Information"
2262,"Sibutramine Capsule"
2263,"Sildenafil Suspension"
2264,"Sildenafil Tablet"
2265,"Silicone Gel Sheet"
2266,"Silver Nitrate Applicator 75%"
2267,"Silver Nitrate Stick 95%"
2268,"Silver Sulphadiazine Cream 1%"
2269,"Simeprevir Capsule"
2270,"Simple Eye Ointment"
2271,"Simple Linctus"
2272,"Simvastatin Tablet"
2273,"Sirolimus Oral Solution"
2274,"Sirolimus Tablet"
2275,"Sitagliptin Tablet"
2276,"Sodium Aurothiomalate Injection"
2277,"Sodium Benzoate Injection"
2278,"Sodium Bicarbonate 1.26% Infusion"
2279,"Sodium Bicarbonate 1.26%"
2280,"Sodium Bicarbonate 1.4% Infusion"
2281,"Sodium Bicarbonate 8.4% Infusion (Central line only)"
2282,"Sodium Bicarbonate Capsule"
2283,"Sodium Bicarbonate Ear Drop 5%"
2284,"Sodium Bicarbonate Injection 8.4%"
2285,"Sodium Bicarbonate Oral Solution"
2286,"Sodium Chloride 0.18% Infusion"
2287,"Sodium Chloride 0.45% Infusion"
2288,"Sodium Chloride 0.9%  Infusion"
2289,"Sodium Chloride 0.9% for nebulisation"
2290,"Sodium Chloride 0.9% Infusion"
2291,"Sodium Chloride 1.8% Infusion"
2292,"Sodium Chloride 2.7% Infusion (Hypertonic)"
2293,"Sodium Chloride 7% Nebuliser Solution"
2294,"Sodium Chloride Compound Mouthwash"
2295,"Sodium Chloride Eye Drop 0.9%"
2296,"Sodium Chloride Eye Drop 5%"
2297,"Sodium Chloride Infusion 0.18%"
2298,"Sodium Chloride Infusion 0.45%"
2299,"Sodium Chloride Injection 0.9%"
2300,"Sodium Chloride Minims 0.9%"
2301,"Sodium Chloride Nose Drops 0.9%"
2302,"Sodium Chloride Oral Solution"
2303,"Sodium Chloride Sterile Bladder Irrigation 0.9%"
2304,"Sodium Chloride Tablet MR 600mg"
2305,"Sodium Citrate 88.2mg/ml Oral Solution"
2306,"Sodium Citrate Injection"
2307,"Sodium Clodronate Capsule"
2308,"Sodium Clodronate Tablet"
2309,"Sodium Cromoglicate Aerosol Inhaler 5mg"
2310,"Sodium Cromoglicate Aqueous Eye Drop 2%"
2311,"Sodium Cromoglicate Eye Ointment 4%"
2312,"Sodium Cromoglicate Nasal Spray 4%"
2313,"Sodium Cromoglicate Nebuliser Solution"
2314,"Sodium Cromoglicate Spincaps"
2315,"Sodium Feredetate Elixir 190mg/5mL"
2316,"Sodium Fluoride Capsule"
2317,"Sodium Fusidate Infusion"
2318,"Sodium Fusidate Tablet"
2319,"Sodium Hyaluronate Eye Drops 0.1% (Preservative Free)"
2320,"Sodium Lactate Compound Infusion (Hartmanns solution)"
2321,"Sodium Lactate Compound Infusion (Hartmanns Solution)"
2322,"Sodium Nitroprusside Infusion"
2323,"Sodium Oxybate Oral Solution"
2324,"Sodium Pentosan Polysulphate Capsule"
2325,"Sodium Phenylbutyrate Injection"
2326,"Sodium Phosphate Injection"
2327,"Sodium Picosulfate Elixir"
2328,"Sodium Tetradecyl Sulphate Injection 3%"
2329,"Sodium Thiosulphate Injection"
2330,"Sodium Valproate Chewable Tablet"
2331,"Sodium Valproate EC Tablet"
2332,"Sodium Valproate Injection"
2333,"Sodium Valproate Liquid"
2334,"Sodium Valproate MR Granules"
2335,"Sodium Valproate MR Tablet"
2336,"SodiumFusidate 2%/Hydrocortisone1% Oint"
2337,"Sofosbuvir Tablet"
2338,"Sofradex Drop"
2339,"Solifenacin Tablet"
2340,"Solution G Bladder Irrigation"
2341,"Solution R Bladder Irrigation"
2342,"Somatostatin Injection"
2343,"Somatotrophin (Human) Injection"
2344,"Somatropin Injection"
2345,"Sorbsan Dressing"
2346,"Sotalol Tablet"
2347,"Spectinomycin Injection"
2348,"Spironolactone  Tablet"
2349,"Spironolactone Suspension"
2350,"Sprilon Aerosol Spray"
2351,"St Mark's Solution"
2352,"Stanozolol Tablet"
2353,"Stavudine Capsule"
2354,"Stavudine Oral Solution"
2355,"Ster-Zac Dusting Powder"
2356,"Sterile Water"
2357,"Streptokinase Injection"
2358,"Streptomycin Sulphate Injection"
2359,"Streptozocin Injection"
2360,"Stribild Tablet"
2361,"Strontium Ranelate Granules"
2362,"StructoKabiven Parenteral Nutrition Infusion"
2363,"Sucralfate  Tablet"
2364,"Sucralfate Suspension"
2365,"Sudocrem Cream"
2366,"Sulfadiazine Tablet"
2367,"Sulfamethoxypyridazine Tablet"
2368,"Sulfapyridine Tablet"
2369,"Sulfasalazine  Tablet"
2370,"Sulfasalazine EC Tablet"
2371,"Sulfasalazine Suppository"
2372,"Sulfasalazine Suspension"
2373,"Sulfinpyrazone Tablet"
2374,"Sulindac Tablet"
2375,"Sulpiride Tablet"
2376,"Sultrin Vaginal Cream"
2377,"Sumatriptan SC Injection"
2378,"Sumatriptan Tablet"
2379,"Sun Block (Total) SPR 15"
2380,"Sunitinib Capsule"
2381,"Sunscreen SPF 50"
2382,"Supplemental Insulin Doses"
2383,"Suxamethonium Injection"
2384,"Symbicort 100/6 Turbohaler (Budesonide 100mcg and Formoterol 6mcg)"
2385,"Symbicort 200/6 Turbohaler (Budesonide 200mcg and Formoterol 6mcg)"
2386,"Symbicort 400/12 Turbohaler (Budesonide 400mcg and Formoterol 12mcg)"
2387,"Synalar Cream"
2388,"Synalar Gel"
2389,"Synalar Ointment"
2390,"T/Gel Shampoo"
2391,"Tablet Crusher"
2392,"Tablet Cutter / Splitter"
2393,"Tachosil Medicated Sponge"
2394,"Tacrolimus Infusion (Prograf)"
2395,"Tacrolimus Intermittent Infusion (Prograf)"
2396,"Tacrolimus Ointment 0.03%"
2397,"Tacrolimus Ointment 0.1%"
2398,"Tacrolimus Suspension"
2399,"Tadalafil Tablets"
2400,"Tafluprost Eye Drops (15 micrograms/ml)"
2401,"Talc Sterlised BP"
2402,"Tamoxifen Tablet"
2403,"Tamsulosin Capsule MR"
2404,"Tapentadol Prolonged Release Tablet [CD]"
2405,"Tar Pomade (Hospital Formula)"
2406,"Tarcortin Cream"
2407,"Tazarotene 0.05% Gel"
2408,"Tazarotene 0.1% Gel"
2409,"Tegafur 100mg and Uracil 224mg Capsule"
2410,"Teicoplanin Infusion"
2411,"Teicoplanin Injection"
2412,"Telaprevir Tablet"
2413,"Telmisartan Tablet"
2414,"Temazepam  Tablet 10mg [CD]"
2415,"Temazepam Elixir [CD]"
2416,"Temocillin Injection"
2417,"Temozolomide Capsule"
2418,"Tenecteplase Injection"
2419,"Tenofovir Disoproxil Tablet"
2420,"Terbinafine 1% Cream"
2421,"Terbinafine Tablet"
2422,"Terbutaline Infusion"
2423,"Terbutaline Inhaler 250mcg"
2424,"Terbutaline Injection"
2425,"Terbutaline Nebules"
2426,"Terbutaline Syrup"
2427,"Terbutaline Tablet SR"
2428,"Terbutaline Turbohaler 500mcg"
2429,"Terfenadine Tablet"
2430,"Teriparatide Injection"
2431,"Terlipressin Injection"
2432,"Terra-Cortril Ointment"
2433,"test drug EXPIRED"
2434,"Test VTE 2"
2435,"TEST VTE"
2436,"Testosterone Capsule"
2437,"Testosterone Gel 50mg Sachet"
2438,"Testosterone Implant"
2439,"Testosterone Injection (Oily)"
2440,"Testosterone Patch"
2441,"Tetanus Immunoglobulin Infusion"
2442,"Tetanus Immunoglobulin Injection"
2443,"Tetrabenazine Tablet"
2444,"Tetracaine Gel 4%"
2445,"Tetracaine Minims 0.5%"
2446,"Tetracaine Minims 1%"
2447,"Tetracosactide Depot Injection"
2448,"Tetracosactide Injection"
2449,"Tetracycline Capsules"
2450,"Tetracycline Infusion"
2451,"Tetracycline Tablets"
2452,"Tetrastarch 6% in Sodium Chloride 0.9% infusion (Voluven 6%)"
2453,"Thalidomide Capsule"
2454,"Theophylline  Tablet (Nuelin)"
2455,"Theophylline Liquid"
2456,"Theophylline MR Capsule (Slo-Phyllin)"
2457,"Theophylline MR Tablet (Nuelin SA)"
2458,"Theophylline MR Tablet (Uniphyllin)"
2459,"Thiamine Hydrochloride Tablet"
2460,"Thiamine Infusion"
2461,"Thiopental Injection"
2462,"Thioridazine Suspension"
2463,"Thioridazine Syrup"
2464,"Thioridazine Tablet"
2465,"Thiotepa Injection"
2466,"Tiagabine Tablet"
2467,"Tibilone Tablet"
2468,"Tibolone Tablet"
2469,"Tibonin Injection"
2470,"Ticagrelor Tablet"
2471,"Ticarcillin and Clavulanic Acid Infusion"
2472,"Ticlopidine Tablet"
2473,"Tigecycline Injection"
2474,"Timodine Cream"
2475,"Timolol 0.25% Ophthalmic Gel-forming Sol"
2476,"Timolol 0.5% Ophthalmic Gel-Forming Sol"
2477,"Timolol Eye Drop 0.25%"
2478,"Timolol Eye Drop 0.5%"
2479,"Tinidazole Tablet"
2480,"Tioconazole 28% Nail solution"
2481,"Tioguanine Tablet"
2482,"Tiopronin Tablet"
2483,"Tiotropium (RESPIMAT) Inhaler"
2484,"Tiotropium (SPIRIVA) Inhaler"
2485,"Tipravavir Capsules"
2486,"Tisept Sachets"
2487,"Tisseel Kit"
2488,"Tizanidine Tablet"
2489,"Tobramycin Infusion"
2490,"Tobramycin Nebuliser Solution (Bramitob)"
2491,"Tobramycin Nebuliser Solution (Tobi)"
2492,"Tobramycin Nebuliser Solution"
2493,"Tobramycin Podhaler"
2494,"Tobramycin Sulphate Injection"
2495,"Tocpheryl Acetate Tablet"
2496,"Tolazoline Injection"
2497,"Tolbutamide Tablet"
2498,"Tolterodine Tartrate Tablet"
2499,"Tolterodine Tartrate XL Capsule"
2500,"Tolvaptan Tablet"
2501,"Topiramate Sprinkle Capsule"
2502,"Topiramate Tablet"
2503,"Topotecan Injection"
2504,"TPN Supplements Infusion"
2505,"Tramadol Capsule 50 mg [CD]"
2506,"Tramadol Injection [CD]"
2507,"Tramadol MR Tablet 100 mg [CD]"
2508,"Tramadol Soluble Tablet 50mg  [CD]"
2509,"Trandolapril Capsules"
2510,"Tranexamic Acid Injection"
2511,"Tranexamic Acid Mouthwash 5%"
2512,"Tranexamic Acid Syrup"
2513,"Tranexamic Acid Tablet"
2514,"Transvasin Cream"
2515,"Tranylcypromine Tablet"
2516,"Trastuzumab Injection"
2517,"Travoprost Eye Drops (40 micrograms/ml)"
2518,"Trazodone Capsule"
2519,"Trazodone Liquid"
2520,"Tretinoin 0.01% Gel"
2521,"Tretinoin 0.025% Cream"
2522,"Tretinoin 0.025% Lotion"
2523,"Tretinoin 0.05% Cream"
2524,"Tretinoin Capsule"
2525,"Tri-Adcortyl Otic Ear Ointment"
2526,"Triamcinolone 0.1% in Oral Paste"
2527,"Triamcinolone Acetonide Injection"
2528,"Triamterene 50mg / Furosemide 40mg Tab"
2529,"Triclosan Cleanser 2%"
2530,"Trientine Capsule"
2531,"Trifluoperazine  Tablet"
2532,"Trifluoperazine MR Capsule"
2533,"Trifluoperazine Oral Solution"
2534,"Trifluoperazine Sugar Free Syrup"
2535,"Trihexyphenidyl Syrup"
2536,"Trihexyphenidyl Tablet"
2537,"Trimethoprim  Tablet"
2538,"Trimethoprim Injection"
2539,"Trimethoprim Suspension"
2540,"Trimipramine Capsule"
2541,"Trimipramine Tablet"
2542,"Trimovate Cream"
2543,"Trinordiol Tablet"
2544,"Trinovum Tablet"
2545,"Triptorelin (Decapeptyl SR) Injection"
2546,"Trisequens Forte Tablet"
2547,"Trisequens Tablets"
2548,"Trisodium Citrate 46.7% Cath. Lock Sol."
2549,"Trizivir Tablet"
2550,"Tropicamide 0.5% Eye Drops"
2551,"Tropicamide 1% Eye Drops"
2552,"Tropicamide Minims 0.5%"
2553,"Tropicamide Minims 1%"
2554,"Trospium Tablet"
2555,"Truvada Tablet"
2556,"Tryptophan Tablet"
2557,"TTA Completed (Maternity)"
2558,"TTA Completed (Pharmacy)"
2559,"Tuberculin Control Solution Injection"
2560,"Typhoid ViCapsularPolysaccharide Syringe"
2561,"Ubiquinone Capsule"
2562,"Ultrazyme Protein Remover Tablets"
2563,"Uristix Reagent"
2564,"Uristix Strips"
2565,"Urofollitropin Injection"
2566,"Urokinase Injection PGD"
2567,"Urokinase Injection"
2568,"Ursodeoxycholic Acid Capsule"
2569,"Ursodeoxycholic Acid Suspension"
2570,"Ursodeoxycholic Acid Tablet"
2571,"Uvistat Ultra Block SPF30 Cream"
2572,"Vacuum Assisted Dressings (VAC)"
2573,"Valaciclovir Tablet"
2574,"Valganciclovir Oral Solution"
2575,"Valganciclovir Tablet"
2576,"Valproic Acid EC Tablet"
2577,"Valsartan Capsule"
2578,"Vancomycin  Infusion"
2579,"Vancomycin Capsule"
2580,"Vancomycin Injection (For Oral Use)"
2581,"Varenicline Tablets"
2582,"Varicella-zoster Immnoglobulin Injection"
2583,"Varicella-zoster Vaccine"
2584,"Venlafaxine Capsule MR"
2585,"Venlafaxine Tablet"
2586,"Ventide Inhaler"
2587,"Verapamil Injection"
2588,"Verapamil MR Capsule"
2589,"Verapamil MR Tablet"
2590,"Verapamil Tablet"
2591,"Verteporfin Injection"
2592,"Vigabatrin Tablet"
2593,"Vinblastine Injection"
2594,"Vincristine Injection"
2595,"Vinorelbine Capsules"
2596,"Vinorelbine Injection"
2597,"Vioform HC Cream"
2598,"Viscopaste PB7 Bandage"
2599,"Viscotears Eye Drop"
2600,"Vitality Probiotic Drink"
2601,"Vitamin A Palmitate Injection"
2602,"Vitamin B Compound Strong Tablet"
2603,"Vitamin E Capsule (Vita E)"
2604,"Vitamins A D and C Oral Drops"
2605,"Vitamins A&D Capsule"
2606,"Vitamins B & C IV High Potency Infusion"
2607,"Vitamins B & C IV High Potency Injection"
2608,"Volplex Infusion"
2609,"Volumatic - Paediatric"
2610,"Volumatic"
2611,"Voriconazole Infusion"
2612,"Voriconazole Suspension"
2613,"Voriconazole Tablet"
2614,"VSL 3 Powder"
2615,"Warfarin  Tablet"
2616,"Warfarin - Medication History"
2617,"Warfarin Tablet TTA Order"
2618,"Warfarin Tablet"
2619,"Warm Salt-Water Mouthwash"
2620,"Water for Injection"
2621,"Waxsol Ear Drop"
2622,"White Soft Paraffin"
2623,"Xalacom Eye Drop"
2624,"Xylometazoline 0.05% Nasal Drop"
2625,"Xylometazoline 0.1% Nasal Drop"
2626,"Xylometazoline 0.1% Nasal Spray"
2627,"Xylometazoline 0.05%/Antazoline 0.5% Drop"
2628,"Xyloproct Ointment"
2629,"Yellow Fever Vaccine"
2630,"Yellow Soft Paraffin"
2631,"Zanamivir Dry Powder For Inhalation"
2632,"Zeasorb Powder"
2633,"Zidovudine 300mg and Lamivudine 150mg Tablet"
2634,"Zidovudine Capsule"
2635,"Zidovudine Infusion"
2636,"Zidovudine Oral Solution"
2637,"Zinc Acetate Capsules"
2638,"Zinc And Castor Oil Ointment"
2639,"Zinc And Coal Tar Paste"
2640,"Zinc And Salicylic Acid Paste"
2641,"Zinc Sulphate Capsule"
2642,"Zinc Sulphate Tablet Effervescent"
2643,"Zineryt Topical Solution"
2644,"Zoledronic Acid Injection (Aclasta)"
2645,"Zoledronic Acid Injection (Zometa)"
2646,"Zolpidem Tablet"
2647,"Zonisamide Capsule"
2648,"Zopiclone Tablet (PGD)"
2649,"Zopiclone Tablet"
2650,"Zuclopenthixol Acetate Injection"
2651,"Zuclopenthixol Decanoate Injection"
2652,"Zuclopenthixol Dihydrochloride Tablet"
2653,"Tacrolimus Capsule (Modigraf)"
2654,"Ciclosporin Capsule (Deximune)"
2655,"Mycophenolate Mofetil (Myfenax)"
2656,"Mycophenolic acid Mofetil (Myfortic)"
2657,"Mycophenolate (Cellcept)"
