"code","name","street_1","street_2","city","postcode","email"
"Y03214","OLD QUEEN STREET","2-4 OLD QUEEN STREET","","LONDON","SW1H 9HP",NULL
"Y03212","HMP WANDSWORTH","PO BOX 757, HEATHFIELD RD","WANSDSWORTH","LONDON","SW18 3HS",NULL
"Y03211","31 WARDOUR STREET","","SOHO","LONDON","W1D 6PT",NULL
"Y03201","WALDRON HEALTH CENTRE","STANLEY STREET","","LONDON","SE8 4BG",NULL
"Y03168","ST PANCRAS HOSPITAL","4 ST PANCRAS WAY","CAMDEN","LONDON","NW1 0PE",NULL
"Y03161","410 LEWISHAM HIGH STREET","","LEWISHAM","LONDON","SE13 6LZ",NULL
"Y03135","96 UMFREVILLE ROAD","","","LONDON","N4 1TL",NULL
"Y03127","CROWN DALE MEDICAL CENTRE","61 CROWN DALE","","LONDON","SE19 3NY",NULL
"Y03109","HARNESS & WILLESDEN GYNAE","ROBSON AVENUE","","LONDON","NW10 3RY",NULL
"Y03107","MANOR BROOK HEALTH CENTRE","117 BROOK LANE","BLACKHEATH","LONDON","SE3 0EN",NULL
"Y03106","821 WOOLWICH ROAD","","CHARLTON","LONDON","SE7 8LJ",NULL
"Y03103","264 PENTONVILLE ROAD","","","LONDON","N1 9JY",NULL
"Y03094","SENDALL COURT CAR PARK","GRANT ROAD","CLAPHAM JUNCTION","LONDON","SW11 2HE",NULL
"Y03086","121 WESTFERRY ROAD","","","LONDON","E14 8JH",NULL
"Y03084","22 SKYLINES VILLAGE","LIMEHARBOUR,DOCKLANDS","","LONDON","E14 9TS",NULL
"Y03077","ST CHARLES HOSPITAL","EXMOOR STREET","","LONDON","W10 6DZ",NULL
"Y03065","HORNSEY CENTRAL N/HOOD HC","151 PARK ROAD","","LONDON","N8 8JD",NULL
"Y03064","THE LAURELS N/HOOD PRACT","256 ST ANNS ROAD","","LONDON","N15 5AZ",NULL
"Y03063","HETHERINGTON AT PAVILION","9 BRIGHTON TERRACE","","LONDON","SW9 8DJ",NULL
"Y03049","SPRINGFIELD HEALTH CENTRE","19-21 OLDHILL STREET","STAMFORD HILL","LONDON","N16 6LD",NULL
"Y03047","WIC,1-3 BIRCHDOWN HOUSE","DEVONS ROAD","","LONDON","E3 3NS",NULL
"Y03043","CHINGWAY MEDICAL CENTRE","7 CHING WAY","CHINGFORD","LONDON","E4 8YD",NULL
"Y03035","151 PARK ROAD","","CROUCH END","LONDON","N8 8JD",NULL
"Y03025","55 PHILPOT STREET","","","LONDON","E1 2JH",NULL
"Y03023","1-2 BIRCHDOWN HOUSE","DEVONS ROAD","","LONDON","E3 3NS",NULL
"Y02995","EXMOOR STREET","","","LONDON","W10 6DZ",NULL
"Y02986","BRITANNIA BUSINESS PARK","CRICKLEWOOD LANE","","LONDON","NW2 1DZ",NULL
"Y02967","QUEEN MARY'S HOSPITAL","ROEHAMPTON LANE","ROEHAMPTON","LONDON","SW15 5PN",NULL
"Y02957","WALDRON HEALTH CENTRE","STANLEY STREET","","LONDON","SE8 4BG",NULL
"Y02947","2ND FLOOR,FOREST PCC","308A HERTFORD ROAD","","LONDON","N9 7HD",NULL
"Y02946","SENDALL COURT CAR PARK","GRANT ROAD","CLAPHAM JUNCTION","LONDON","SW11 2HE",NULL
"Y02914","ANGEL MEDICAL PRACTICE","34 RITCHIE STREET","","LONDON","N1 0DG",NULL
"Y02910","228-232 CAMBRIDGE HTH RD","","","LONDON","E2 9NN",NULL
"Y02823","VICARAGE LANE HEALTH CTR","10 VICARAGE LANE","STRATFORD","LONDON","E15 4ES",NULL
"Y02820","RIVERSIDE MEDICAL CENTRE","HOBART HSE,WANDSWORTH RD","","LONDON","SW8 2JW",NULL
"Y02819","STREATHAM HILL GROUP PRAC","6 LEIGHAM COURT ROAD","","LONDON","SW16 2PG",NULL
"Y02818","RIVERSIDE MEDICAL CENTRE","HOBART HSE,WANDSWORTH RD","","LONDON","SW8 2JW",NULL
"Y02817","GRACEFIELD GARDENS","2-8 GRACEFIELD GARDENS","","LONDON","SW16 2ST",NULL
"Y02798","HAMILTON WING NELSON HOSP","KINGSTON ROAD,RAYNES PARK","","LONDON","SW20 8DB",NULL
"Y02785","UNIT 1-3 GRD FLOOR","CITY HSE,190-196 CITY RD","","LONDON","EC1V 2QH",NULL
"Y02782","ST JOHN'S MEDICAL CENTRE","50-60 LOAMPIT HILL","LEWISHAM","LONDON","SE13 7SX",NULL
"Y02762","99 SEVEN SISTERS ROAD","","","LONDON","N7 7QP",NULL
"Y02760","STEPHENSON HOUSE","75 HAMPSTEAD ROAD","","LONDON","NW1 2PL",NULL
"Y02685","NORBURY HEALTH CENTRE","2B POLLARDS HILL NORTH","NORBURY","LONDON","SW16 4NL",NULL
"Y02679","HEALTH @ THE STOWE","260 HARROW ROAD","","LONDON","W2 5ES",NULL
"Y02674","THE MARGARET CENTRE","108 HAMPSTEAD ROAD","","LONDON","NW1 2LS",NULL
"Y02604","BRIDGE LANE GROUP PRACT.","20 BRIDGE LANE","BATTERSEA","LONDON","SW11 3AS",NULL
"Y02585","OLIVER ROAD POLYCLINIC","1ST FLOOR, 75 OLIVER ROAD","LEYTON","LONDON","E10 5LG",NULL
"Y02525","GRACEFIELD GARDENS","2-8 GRACEFIELD GARDENS","","LONDON","SW16 2ST",NULL
"Y02455","SHREWSBURY RD H.C.","SHREWSBURY RD","","LONDON","E7 8QP",NULL
"Y02453","16 FREEMASONS RD","CUSTOM HOUSE","","LONDON","E16 3NA",NULL
"Y02445","WALDRON HEALTH CENTRE","STANLEY STREET","","LONDON","SE8 4BG",NULL
"Y02418","7 BADSWORTH ROAD","CAMBERWELL","","LONDON","SE5 0JG",NULL
"Y02408","MAWBEY BROUGH HLTH CTRE","39 WILCOX CLOSE","","LONDON","SW8 2UD",NULL
"Y02390","WHIPPS CROSS HOSPITAL","WHIPPS CROSS ROAD","LEYTONSTONE","LONDON","E11 1NR",NULL
"Y02385","RIVERSIDE MEDICAL CENTRE","HOBART HSE,WANDSWORTH RD","","LONDON","SW8 2JW",NULL
"Y02381","UNIT 13","TUDOR GROVE","HACKNEY","LONDON","E9 7QL",NULL
"Y02380","126 LOWER CLAPTON ROAD","","","LONDON","E5 0QR",NULL
"Y02366","THE CLAPHAM FAMILY PRACT","51 CLAPHAM HIGH STREET","CLAPHAM","LONDON","SW4 7TL",NULL
"Y02346","LOWER CLAPTON GROUP PRACT","36 LOWER CLAPTON ROAD","","LONDON","E5 0PD",NULL
"Y02315","SOUTH WOODFORD HEALTH CTR","114 HIGH ROAD","SOUTH WOODFORD","LONDON","E18 2QS",NULL
"Y02314","SOUTH WOODFORD HEALTH CTR","114 HIGH ROAD","SOUTH WOODFORD","LONDON","E18 2QS",NULL
"Y02224","7 BADSWORTH ROAD","","CAMBERWELL","LONDON","SE5 0JG",NULL
"Y02222","THE TRINITY MEDICAL CTR","213 BURRAGE ROAD","PLUMSTEAD","LONDON","SE18 7JZ",NULL
"Y02215","THE JOAN BICKNELL CENTRE","BURNTWOOD LANE","TOOTING","LONDON","SW17 7DJ",NULL
"Y02179","RAVENSWOOD ROAD","","WALTHAMSTOW","LONDON","E17 9LY",NULL
"Y02120","RIVERSIDE MEDICAL CENTRE","HOBART HSE, WANDSWORTH RD","","LONDON","SW8 2JW",NULL
"Y02117","THE LAURELS MEDICAL PRACT","256 ST ANN'S ROAD","TOTTENHAM","LONDON","N15 5AZ",NULL
"Y02116","FINCHLEY MEMORIAL HOSP","GRANVILLE ROAD","FINCHLEY","LONDON","N12 0JE",NULL
"Y02074","PARTNERSHIP PRI CARE CTR","331 CAMDEN ROAD","","LONDON","N7 0SL",NULL
"Y02061","HAMILTON WING","NELSON HPL,KINGSTON RD","","LONDON","SW20 8DB",NULL
"Y01962","RIVERSIDE MEDICAL CENTRE","HOBART HSE,WANDSWORTH RD","","LONDON","SW8 2JW","LAMCCG.riverside-EHS@nhs.net"
"Y01958","9 BRUCE GROVE","HARINGEY DIP","","LONDON","N17 6RA",NULL
"Y01911","THE HOUSE","LOWER CLAPTON HEALTH CTR","36 LOWER CLAPTON ROAD","LONDON","E5 0PD",NULL
"Y01839","SINNOTT ROAD SURGERY","12B SINNOTT ROAD","WALTHAMSTOW","LONDON","E17 5QB",NULL
"Y01789","CANTILEVER HOUSE","12 ELTHAM ROAD","LEE","LONDON","SE12 8RN",NULL
"Y01781","THREE BOROUGHS PRIM CARE","18 HETHERINGTON ROAD","","LONDON","SW4 7NU",NULL
"Y01780","BRIXTON HEALTH CENTRE","JEBB AVENUE","BRIXTON HILL","LONDON","SW2 5XF",NULL
"Y01767","HARINGEY TPCT","ST ANN'S HOSPITAL","ST ANNS ROAD","LONDON","N15 3TH",NULL
"Y01739","243 BARING ROAD","GROVE PARK","","LONDON","SE12 0BE",NULL
"Y01713","MILE END HOSP, MANN WARD","BANCROFT ROAD","","LONDON","E1 4DG",NULL
"Y01704","THE SURGERY","1 GLEBE ROAD","BARNES","LONDON","SW13 0DR",NULL
"Y01692","SUNSHINE HOUSE","CHILDREN'S SERVICES","SOUTHWARK","LONDON","SE5 8UH",NULL
"Y01691","SEXUAL & REPROD. HEALTH","ARTESIAN HEALTH CENTRE","BERMONDSEY","LONDON","SE1 3GF",NULL
"Y01677","LIVERPOOL ST. W.I.C.","EXCHANGE ARCADE","BISHOPSGATE","LONDON","EC2M 3WA",NULL
"Y01653","30 MARSH WALL","","","LONDON","E14 9TP",NULL
"Y01650","455 CABLE STREET","","","LONDON","E1W 3DE",NULL
"Y01617","PRIMARY URGENT CARE CTR","HOMERTON UNIVERSITY HOSP","HOMERTON ROW","LONDON","E9 6SR",NULL
"Y01299","JOHN SCOTT HEALTH CENTRE","WOODBERRY DOWN","GREEN LANES","LONDON","N4 2NU",NULL
"Y01291","CHINGFORD HEALTH CENTRE","109 YORK ROAD","CHINGFORD","LONDON","E4 8LF",NULL
"Y01268","CHILD DEVELOPMENT CTR Q2","ST ANN'S HPL, ST ANN'S RD","TOTTENHAM","LONDON","N15 3TH",NULL
"Y01256","LIVERPOOL ST. W.I.C.(C&H)","EXCHANGE ARCADE","BISHOPSGATE","LONDON","EC2M 3WA",NULL
"Y01234","QUEEN ELIZABETH HOSPITAL","STADIUM ROAD","","LONDON","SE18 4QH",NULL
"Y01206","GLEBE ROAD SURGERY","1 GLEBE ROAD","BARNES","LONDON","SW13 0DR",NULL
"Y01179","ST GEORGE'S HOSPITAL","BLACKSHAW ROAD","","LONDON","SW17 0QT",NULL
"Y01177","TOLLGATE LODGE PRACTICE","57 STAMFORD HILL","","LONDON","N16 5SR",NULL
"Y01132","30 CHARTFIELD AVENUE","","PUTNEY","LONDON","SW15 6HG",NULL
"Y01071","GPWSI DERMATOLOGY CLINIC","HAMMERSMITH & FULHAM PCT","5-7 PARSONS GREEN","LONDON","SW6 4UL",NULL
"Y01066","HANLEY PRIMARY CARE CTR","51 HANLEY ROAD","","LONDON","N4 3DU",NULL
"Y01060","GREENWICH TEACHING PCT","51-53 BURNEY STREET","GREENWICH","LONDON","SE10 8EX",NULL
"Y01054","DERMATOLOGY CLINIC","ELM LODGE, 2 BURBAGE ROAD","","LONDON","SE24 9HJ",NULL
"Y01053","INTERMEDIATE CARE UNIT","DULWICH HPL,E.DULWICH GR","","LONDON","SE22 8PT",NULL
"Y01052","AYLESBURY PARTNERSHIP","109 COMMERCIAL WAY","","LONDON","SE15 6DB",NULL
"Y01033","REPRO. & SEXUAL HLTH DEPT","MAWBEY BROUGH HEALTH CTR.","39 WILCOX CLOSE","LONDON","SW8 2UD",NULL
"Y01027","CROYDON DOCTORS ON CALL","MORDEN ROAD CLINIC","254 MORDEN ROAD","LONDON","SW19 3DA",NULL
"Y01026","CROYDON DOCTORS ON CALL","MORDEN ROAD CLINIC","254 MORDEN ROAD","LONDON","SW19 3DA",NULL
"Y00971","MARKET LANE","","SHEPHERDS BUSH","LONDON","W12 8EZ",NULL
"Y00936","G&B COTTAGE HOSPICE","185 BOSTALL HILL","ABBEY WOOD","LONDON","SE2 0GB",NULL
"Y00857","TOOTING SOUTH MEDICAL CTR","22 OTTERBURN STREET","TOOTING","LONDON","SW17 9HQ",NULL
"Y00832","C/O WOODGRANGE MED.PRACT.","40 WOODGRANGE ROAD","","LONDON","E7 0QH",NULL
"Y00811","WHIPPS CROSS HOSPITAL","","LEYTONSTONE","LONDON","E11 1NR",NULL
"Y00809","HARMONI SOUTH WEST LONDON","FIRST FLOOR","UPPER RICHMOND ROAD","LONDON","SW15 2TL",NULL
"Y00784","71 JOHNSON STREET","","","LONDON","E1 0AQ",NULL
"Y00772","OUTPATIENT DEPT","NELSON HOSP KINGSTON RD","RAYNES PARK","LONDON","SW20 8DB",NULL
"Y00765","LEWISHAM CENTRE","CHILDREN & YOUNG PEOPLE","32 RUSHEY GREEN, CATFORD","LONDON","SE6 4JF",NULL
"Y00672","DULWICH COMMUNITY HOSP","EAST DULWICH GROVE","","LONDON","SE22 8PT","eastdulwichprimarycarecentre@nhs.net"
"Y00634","ADDACTION","97 COBBALD ROAD","WILLESDEN","LONDON","NW10 9SU",NULL
"Y00612","GREEN CEDARS MEDICAL CTR","93-95 SILVER STREET","EDMONTON","LONDON","N18 1RP",NULL
"Y00611","THE DUN COW SURGERY","279 OLD KENT ROAD","","LONDON","SE1 5LU",NULL
"Y00594","30 CLAPHAM COMMON","NORTHSIDE","","LONDON","SW4 0RN",NULL
"Y00535","RESOURCE CENTRE","62 GREEN LANE","HANWELL","LONDON","W7 2PB",NULL
"Y00454","BOROUGH MEDICAL CENTRE","LORNAMEAD HOUSE","1-5 NEWINGTON CAUSEWAY","LONDON","SE1 6ED",NULL
"Y00432","THE HEALTH CENTRE","HANDSWORTH AVENUE","HIGHAMS PARK","LONDON","E4 9PD",NULL
"Y00428","CENTRAL MIDDX HOSPITAL","ACTON LANE","PARK ROYAL","LONDON","NW10 7NS",NULL
"Y00394","KINGS COLLEGE HOSPITAL","DULWICH SITE","EAST DULWICH GROVE","LONDON","SE22 8PT",NULL
"Y00375","MINOR INJURIES T/MENT CTR","QUEEN MARY'S HOSPITAL","ROEHAMPTON LANE","LONDON","SW15 5PN",NULL
"Y00367","TUDOR LODGE HEALTH CENTRE","8C VICTORIA DRIVE","WIMBLEDON","LONDON","SW19 6AE",NULL
"Y00357","WXUHT","WHIPPS CROSS ROAD","LEYTONSTONE","LONDON","E11 1NR",NULL
"Y00316","WOODLANDS MEDICAL PRACT","54 LEOPOLD ROAD","EAST FINCHLEY","LONDON","N2 8BG",NULL
"Y00315","LAURELS N/HOOD PRACTICE","256 ST ANN'S ROAD","TOTTENHAM","LONDON","N15 5AZ",NULL
"Y00241","ABBEY ROAD MEDICAL PRACT","28A ABBEY ROAD","","LONDON","E15 3LT",NULL
"Y00212","POLLARD ROW SURGERY","47 POLLARD ROW","","LONDON","E2 6NA",NULL
"Y00211","EX DR ADAMS PRAC","454 LEA BRIDGE ROAD","LEYTON","LONDON","E10 7DY",NULL
"Y00207","CENTRAL MIDDLESEX HOSP","ACTON LANE","PARK ROYAL","LONDON","NW10 7NS",NULL
"Y00176","BRUNSWICK PARK HEALTH CTR","BRUNSWICK PARK ROAD","NEW SOUTHGATE","LONDON","N11 1EY",NULL
"Y00146","MATTOCK LANE HEALTH CTR.","78 MATTOCK LANE","WEST EALING","LONDON","W13 9NZ",NULL
"Y00130","OLIVER ROAD MEDICAL CTR","75 OLIVER ROAD","LEYTON","LONDON","E10 5LG",NULL
"Y00128","COMELY BANK","46 RAVENSWOOD ROAD","WALTHAMSTOW","LONDON","E17 9LY",NULL
"Y00127","COMLEY BANK CLINIC","RAVENSWOOD ROAD","WALTHAMSTOW","LONDON","E17 9LY",NULL
"Y00022","THE BRAMLEY ROAD SURGERY","2 BRAMLEY ROAD","EALING","LONDON","W5 4SS",NULL
"Y00020","THE GRANTHAM CENTRE","BECKETT HOUSE","GRANTHAM ROAD,STOCKWELL","LONDON","SW9 9DL","granthamcentrepractice@nhs.net"
"H85696","INTERMEDIATE ENT CLINIC","278-280 BALHAM HIGH ROAD","","LONDON","SW17 7AL",NULL
"H85692","153 CANNON HILL LANE","RAYNES PARK","WEST WIMBLEDON","LONDON","SW20 9DA",NULL
"H85691","NIGHTINGALE HOUSE","105 NIGHTINGALE LANE","BALHAM","LONDON","SW12 8NB",NULL
"H85688","THE FRANCISCAN SURGERY","218 FRANCISCAN ROAD","TOOTING","LONDON","SW17 8HG",NULL
"H85682","TUDOR LODGE HEALTH CENTRE","8C VICTORIA DRIVE","WIMBLEDON","LONDON","SW19 6AE",NULL
"H85680","TOOTING SOUTH MEDICAL CTR","22 OTTERBURN STREET","TOOTING","LONDON","SW17 9HQ",NULL
"H85679","THE GARRATT LANE SURGERY","657-659 GARRATT LANE","WANDSWORTH","LONDON","SW17 0PB",NULL
"H85664","TOOTING BEC SURGERY","313 BALHAM HIGH ROAD","MIDLAND BANK BUILDING","LONDON","SW17 7BA",NULL
"H85656","ALEXANDRA SURGERY","39 ALEXANDRA ROAD","","LONDON","SW19 7JZ",NULL
"H85649","COLLIERS WOOD SURGERY","58 HIGH STREET","COLLIERS WOOD","LONDON","SW19 2BY",NULL
"H85643","INNER PARK ROAD HLTH.CTR.","86-88 INNER PARK ROAD","WIMBLEDON","LONDON","SW19 6DA",NULL
"H85639","THE BEC FAMILY PRACTICE","62 UPPER TOOTING ROAD","TOOTING","LONDON","SW17 7PB",NULL
"H85638","BALHAM HEALTH CENTRE","120 BEDFORD HILL","BALHAM","LONDON","SW12 9HP",NULL
"H85637","BALHAM HEALTH CENTRE","120 BEDFORD HILL","BALHAM","LONDON","SW12 9HP",NULL
"H85619","THE ROYAL HOSPITAL & HOME","FOR INCURABLES","WEST HILL, PUTNEY","LONDON","SW15 3SW",NULL
"H85114","THURLEIGH ROAD MEDICAL PRACTIC","88A THURLEIGH ROAD","","LONDON","SW12 8TT",NULL
"H85111","BATTERSEA FIELDS PRACTICE","3 AUSTIN ROAD","BATTERSEA","LONDON","SW11 5JP",NULL
"H85104","THE PUTNEY SURGERY","4 DISRAELI ROAD","","LONDON","SW15 2DS",NULL
"H85101","GRAND DRIVE SURGERY","132 GRAND DRIVE","RAYNES PARK","LONDON","SW20 9EA",NULL
"H85100","ST.PAUL'S COTTAGE SURGERY","88A AUGUSTUS ROAD","WIMBLEDON","LONDON","SW19 6EW",NULL
"H85096","THE MEDICAL CENTRE","100 LAVENDER HILL","BATTERSEA","LONDON","SW11 5RE",NULL
"H85092","RIVERHOUSE SURGERY","EAST ROAD(OFF NORTH ROAD)","WIMBLEDON","LONDON","SW19 1YG",NULL
"H85088","CLAPHAM JUNCTION MEDICAL PRACT","263 LAVENDER HILL","","LONDON","SW11 1JD",NULL
"H85082","TRIANGLE SURGERY","2 BROOMHILL ROAD","WANDSWORTH","LONDON","SW18 4HX",NULL
"H85077","THE SURGERY","119 NORTHCOTE ROAD","BATTERSEA","LONDON","SW11 6PW",NULL
"H85075","162 ST. JOHN'S HILL","","","LONDON","SW11 1SW",NULL
"H85069","LAVENDER HILL GROUP PRACT","19 POUNTNEY ROAD","BATTERSEA","LONDON","SW11 5TU",NULL
"H85067","DANEBURY AVENUE SURGERY","351 DANEBURY AVENUE","ROEHAMPTON","LONDON","SW15 4DU",NULL
"H85065","THE ALTON PRACTICE","208-210 ROEHAMPTON LANE","ROEHAMPTON","LONDON","SW15 4LE",NULL
"H85061","HEATHBRIDGE MED PRACTICE","125 UPPER RICHMOND ROAD","PUTNEY","LONDON","SW15 2TL",NULL
"H85057","ELBOROUGH STREET SURGERY","81 ELBOROUGH STREET","WANDSWORTH","LONDON","SW18 5DS",NULL
"H85049","BATTERSEA RISE GROUP PRAC","17 BATTERSEA RISE","BATTERSEA","LONDON","SW11 1HG",NULL
"H85048","BROCKLEBANK GROUP PRAC","249 GARRATT LANE","WANDSWORTH","LONDON","SW18 4DU",NULL
"H85047","WINSTANLEY GROUP PRACTICE","THE SURGERY,HUITT SQUARE","WINSTANLEY ROAD,BATTERSEA","LONDON","SW11 2HS",NULL
"H85045","BRIDGE LANE HEALTH CENTRE","20 BRIDGE LANE","","LONDON","SW11 3AD",NULL
"H85039","WATERFALL HOUSE","223 TOOTING HIGH STREET","TOOTING","LONDON","SW17 0TD",NULL
"H85035","THE ROWANS SURGERY","1 WINDERMERE ROAD","STREATHAM","LONDON","SW16 5HF",NULL
"H85026","FRANCIS GROVE SURGERY","8 FRANCIS GROVE","WIMBLEDON","LONDON","SW19 4DL",NULL
"H85020","THE CHURCH LANE PRACTICE","2 CHURCH LANE","MERTON PARK","LONDON","SW19 3NY",NULL
"H85016","153 CANNON HILL LANE","RAYNES PARK","WEST WIMBLEDON","LONDON","SW20 9DA",NULL
"H85012","PUTNEYMEAD MEDICAL CENTRE","350 UPPER RICHMOND ROAD","PUTNEY","LONDON","SW15 6TL",NULL
"H85011","THE GREYSWOOD PRACTICE","66 EASTWOOD STREET","STREATHAM","LONDON","SW16 6PU",NULL
"H85009","BEDFORD HILL FAMILY PRACT","120 BEDFORD HILL","BALHAM","LONDON","SW12 9HS",NULL
"H85006","MAYFIELD SURGERY","246 ROEHAMPTON LANE","ROEHAMPTON","LONDON","SW15 4AA",NULL
"H85004","THE SURGERY","BALMUIR GARDENS","PUTNEY","LONDON","SW15 6NG",NULL
"H85003","QUEENSTOWN ROAD MED.PRACT","14 QUEENSTOWN ROAD","BATTERSEA","LONDON","SW8 3RX",NULL
"H85002","FALCON ROAD MEDICAL CENTRE","47 FALCON ROAD","","LONDON","SW11 2PH",NULL
"H84055","SHEEN LANE HEALTH CENTRE","SHEEN LANE","EAST SHEEN","LONDON","SW14 8LP",NULL
"H84023","ESSEX HOUSE","STATION ROAD","BARNES","LONDON","SW13 0LW",NULL
"H84022","SHEEN LANE HEALTH CENTRE","SHEEN LANE","EAST SHEEN","LONDON","SW14 8LP",NULL
"H84011","THE SURGERY","1A GLEBE ROAD","BARNES","LONDON","SW13 0DR",NULL
"H84006","SHEEN LANE HEALTH CENTRE","SHEEN LANE","EAST SHEEN","LONDON","SW14 8LP",NULL
"H83635","WOODSIDE HEALTH CENTRE","3 ENMORE ROAD","SOUTH NORWOOD","LONDON","SE25 5NT","docman.H83635@nhs.net"
"H83626","WOODSIDE HEALTH CENTRE","3 ENMORE ROAD","SOUTH NORWOOD","LONDON","SE25 5NT","docman.H83626@nhs.net"
"H83624","FAIRVIEW MEDICAL CENTRE","69 FAIRVIEW ROAD","NORBURY","LONDON","SW16 5PX","docman.h83624@nhs.net"
"H83041","SOUTH NORWOOD MED/CTR","93 WHITHORSE LANE","SOUTH NORWOOD","LONDON","SE25 6RA","docman.H83041@nhs.net"
"H83037","AUCKLAND SURGERY","84A AUCKLAND ROAD","UPPER NORWOOD","LONDON","SE19 2DF","docman.h83037@nhs.net"
"H83026","WOODSIDE HEALTH CENTRE","3 ENMORE ROAD","SOUTH NORWOOD","LONDON","SE25 5NT",NULL
"H83025","WOODSIDE HEALTH CENTRE","3 ENMORE ROAD","SOUTH NORWOOD","LONDON","SE25 5NT","docman.H83025@nhs.net"
"H83021","LINDEN LEDGE MEDICAL CTR","519 LONDON ROAD","THORNTON HEATH","LONDON","CR7 6AR","docman.H83021@nhs.net"
"H83009","NORBURY HEALTH CENTRE","2B POLLARDS HILL NORTH","NORBURY","LONDON","SW16 4NL","docman.H83009@nhs.net"
"H83003","NORBURY HEALTH CENTRE","2B POLLARDS HILL NORTH","NORBURY","LONDON","SW16 4NL",NULL
"H83001","PORTLAND MEDICAL CENTRE","184 PORTLAND ROAD","SOUTH NORWOOD","LONDON","SE25 4QB","docman.H83001@nhs.net"
"G85736","DEPTFORD MEDICAL CENTRE","2 PEARSON'S AVENUE","NEW CROSS","LONDON","SE14 6TG",NULL
"G85735","ISIDORE CROWN MED. CTR. 3","60 CHADWICK ROAD","PECKHAM","LONDON","SE15 4PU",NULL
"G85733","CANTILEVER HOUSE","12 ELTHAM ROAD","LEE","LONDON","SE12 8RN",NULL
"G85730","LEE HEALTH CENTRE","2 HANDEN ROAD","LEE","LONDON","SE12 8NP","lew-pct.g85023-general@nhs.net"
"G85727","NIGHTINGALE SURGERY","LEE HLTH CTR, 2 HANDEN RD","","LONDON","SE12 8NP",NULL
"G85726","ST.GILES SURGERY","40 ST.GILES ROAD","CAMBERWELL","LONDON","SE5 7RF","docman.drpatel@nhs.net"
"G85717","WALDRON HEALTH CENTRE","STANLEY STREET","NEW CROSS","LONDON","SE8 4BG",NULL
"G85715","LISTER GP WALK-IN HC","101 PECKHAM ROAD","","LONDON","SE15 5LJ","drashworth.surgery@nhs.net"
"G85713","103 BOUNDFIELD ROAD","","CATFORD","LONDON","SE6 1PG","docman.g85104@nhs.net"
"G85711","DEPTFORD SURGERY","502-504 NEW CROSS ROAD","DEPTFORD","LONDON","SE14 6TJ","lew-pct.g85711-general@nhs.net"
"G85708","THE CLAPHAM MANOR HTH CTR","86 CLAPHAM MANOR STREET","CLAPHAM","LONDON","SW4 6EB","docman.drcurran@nhs.net"
"G85707","EAST DULWICH PRIM CRE CTR","DULWICH HOSPITAL","EAST DULWICH GROVE","LONDON","SE22 8PT","docman.edpcc@nhs.net"
"G85706","THE ROSENDALE SURGERY","103A ROSENDALE ROAD","WEST DULWICH","LONDON","SE21 8EZ","docman.g85706@nhs.net"
"G85703","MUIRKIRK SURGERY","50 MUIRKIRK ROAD","","LONDON","SE6 1BQ",NULL
"G85701","CLAPHAM MANOR HEALTH CTR.","86 CLAPHAM MANOR STREET","CLAPHAM","LONDON","SW4 6EB",NULL
"G85697","THE MANOR HEALTH CENTRE","86 CLAPHAM MANOR STREET","CLAPHAM","LONDON","SW4 6EB",NULL
"G85696","THE VALE MEDICAL CENTRE","195-197 PERRY VALE","FOREST HILL","LONDON","SE23 2JF","lewccg.g85696-general@nhs.net"
"G85695","FOXLEY SQUARE SURGERY","MYATTS FIELD HC,FOXLEY SQ","","LONDON","SW9 7RX","correspondence.foxleysquare@nhs.net"
"G85692","SURREY DOCKS HEALTH CTRE","DOWNTOWN ROAD","ROTHERHITHE","LONDON","SE16 6NP","surreydocks@nhs.net"
"G85681","THE LORDSHIP LANE SURGERY","417 LORDSHIP LANE","EAST DULWICH","LONDON","SE22 8JN","docman.lordshiplanesurgery@nhs.net"
"G85678","WALDRON HEALTH CENTRE","STANLEY STREET","NEW CROSS","LONDON","SE8 4BG",NULL
"G85675","MORNINGTON SURGERY","433 NEW CROSS ROAD","NEW CROSS","LONDON","SE14 6TD",NULL
"G85670","THE LAMBETH SURGERY","28 SOUTH ISLAND PLACE","KENNINGTON","LONDON","SW9 0DX",NULL
"G85657","THE WATERLANE SURGERY","48 BRIXTON WATER LANE","BRIXTON","LONDON","SW2 1QE",NULL
"G85652","THE NURSES CLINIC","ST.THOMAS' HOSPITAL","SOUTH LAMBETH ROAD","LONDON","SE1 7EH",NULL
"G85651","THE DULWICH MEDICAL CTR","163-169 CRYSTAL PALACE RD","EAST DULWICH","LONDON","SE22 9EP","dmccpr.edt@nhs.net"
"G85650","CAMPSHILL SURGERY","CAMPSHILL ROAD","EAST LEWISHAM","LONDON","SE13 6QU","lew-pct.g85650-general@nhs.net"
"G85642","45 COLOMBO STREET","","","LONDON","SE1 8EE",NULL
"G85618","THE COURTYARD SURGERY","1 POYNDERS ROAD","CLAPHAM","LONDON","SW4 8NU","LAMCCG.thecourtyardsurgery-EHS@nhs.net"
"G85138","THE ALBION STREET HTH CTR","87 ALBION STREET","ROTHERHITHE","LONDON","SE16 1JX","www.albionstreetgrouppractice.co.uk"
"G85137","BROCKWELL PARK SURGERY","117 NORWOOD ROAD","NORWOOD","LONDON","SE24 9AE","Brockwellparksurgery@nhs.net"
"G85136","WATERLOO HEALTH CENTRE","5 LOWER MARSH","WATERLOO","LONDON","SE1 7RJ","lam-pct.waterloohealthcentre-EHS@nhs.net"
"G85135","THE IVEAGH HOUSE SURGERY","IVEAGH HOUSE","LOUGHBOROUGH ROAD","LONDON","SW9 7SE","iveaghhouseedt@nhs.net"
"G85134","LISTER PRIMARY CARE CTRE","101 PECKHAM ROAD","","LONDON","SE15 5LJ","docman.draru@nhs.net"
"G85133","TULSE HILL PRACTICE","4 HARDEL RISE","TULSE HILL","LONDON","SW2 3DX","Tulsehill.docman@nhs.net"
"G85132","MELBOURNE GROVE MED. PRAC","MELBOURNE GROVE","EAST DULWICH","LONDON","SE22 8QN","docman.melbournegrovesurgery@nhs.net"
"G85130","SUITE G.25","MAWBEY BOROUGH HEALTH CTR","39 WILCOX CLOSE","LONDON","SW8 2UD","mawbeygp.edt@nhs.net"
"G85128","THE WALWORTH CLINIC","TOWN HALL","LARCOM STREET","LONDON","SE17 1RY",NULL
"G85126","THE CLAPHAM PARK SURGERY","72 CLARENCE AVENUE","STREATHAM","LONDON","SW4 8JP",NULL
"G85124","24 BELLINGHAM GREEN","","CATFORD","LONDON","SE6 3JB","lew-pct.g85124-general@nhs.net"
"G85123","BINFIELD ROAD SURGERY","1 BINFIELD ROAD","KENNINGTON","LONDON","SW4 6TB","edtdocman.binfieldroad@nhs.net"
"G85121","PARKVIEW SURGERY","186 BROWNHILL ROAD","CATFORD","LONDON","SE6 1AT","docman.parkviewsurgery@nhs.net"
"G85120","TRIANGLE GROUP PRACTICE","2 MORLEY ROAD","EAST LEWISHAM","LONDON","SE13 6DQ","lew-pct.g85120-general@nhs.net"
"G85119","STERNHALL LANE SURGERY","12 STERNHALL LANE","PECKHAM","LONDON","SE15 4NT","sternhalllanesurgery@nhs.net"
"G85118","STREATHAM PLACE SURGERY","28 STREATHAM PLACE","","LONDON","SW2 4QY","lam-pct.streathamplace-EHS@nhs.net"
"G85114","WELLS PARK PRACTICE","1 WELLS PARK ROAD","SYDENHAM","LONDON","SE26 6JQ","lew-pct.g85114-general@nhs.net"
"G85113","THE NORWOOD SURGERY","483 NORWOOD ROAD","WEST NORWOOD","LONDON","SE27 9DJ","lam-pct.norwoodsurgery-EHS@nhs.net"
"G85112","THE HAMBLEDEN CLINIC","BLANCHEDOWNE","DENMARK HILL","LONDON","SE5 8HL","docman.hambledenclinic@nhs.net"
"G85111","EDITH CAVELL II PRACTICE","THE STREATHAM HILL PC CTR","41A-C STREATHAM HILL","LONDON","SW2 4TP",NULL
"G85109","72 CLARENCE AVENUE","","","LONDON","SW4 8JP","docman.claphampark@nhs.net"
"G85106","BOROUGH MEDICAL CENTRE","LORNAMEAD HOUSE","1-5 NEWINGTON CAUSEWAY","LONDON","SE1 6ED","drmisras.practice@nhs.net"
"G85104","32 CHINBROOK ROAD","GROVE PARK","EAST LEWISHAM","LONDON","SE12 9TH","docman.g85104@nhs.net"
"G85102","THE SURGERY","8 JONATHAN STREET","KENNINGTON","LONDON","SE11 5NH","lam-pct.vauxhallsurgery@nhs.net"
"G85097","THE GRANGE ROAD PRACTICE","BERMONDSEY HEALTH CENTRE","108 GRANGE ROAD","LONDON","SE1 3BW",NULL
"G85096","THE SURGERY","106 GREYHOUND LANE","STREATHAM","LONDON","SW16 5RW","lam-pct.vale-surgery@nhs.net"
"G85094","BERMONDSEY AND LANSDOWNE","MEDICAL MISSION","THE SURGERY,DECIMA STREET","LONDON","SE1 4QX","blm2@nhs.net"
"G85091","3-ZERO-6 MEDICAL CENTRE","306 LORDSHIP LANE","","LONDON","SE22 8LY","docman.lordshiplane306@nhs.net"
"G85089","HONOR OAK HEALTH CENTRE","20 TURNHAM ROAD","BROCKLEY","LONDON","SE4 2LA","lew-pct.g85089-general@nhs.net"
"G85088","WATER LANE SURGERY","48 BRIXTON WATER LANE","BRIXTON","LONDON","SW2 1QE","docman.g85088@nhs.net"
"G85086","THE SOUTH LAMBETH RD PRAC","1 SELWAY HOUSE","272 SOUTH LAMBETH ROAD","LONDON","SW8 1UL","lam-pct.southlambethroad@nhs.net"
"G85083","THE SANDMERE ROAD PRACT","10-14 SANDMERE ROAD","CLAPHAM","LONDON","SW4 7QJ","edtdocman.sandmereroad@nhs.net"
"G85081","SYDENHAM SURGERY","2 SYDENHAM ROAD","SYDENHAM","LONDON","SE26 5QW","lew-pct.g85081-general@nhs.net"
"G85056","THE JENNER HEALTH CENTRE","201 STANSTEAD ROAD","WEST LEWISHAM","LONDON","SE23 1HU",NULL
"G85055","HILLY FIELDS MEDICAL CTR.","172 ADELAIDE AVENUE","BROCKLEY","LONDON","SE4 1JN","EDT.G85055@nhs.net"
"G85054","LAMBETH ROAD GROUP PRAC.","80 KENNINGTON ROAD","KENNINGTON","LONDON","SE11 6SP","lambethwalkgp@nhs.net"
"G85052","OLD KENT ROAD SURGERY","182-184 OLD KENT ROAD","","LONDON","SE1 5TY","sou-pct.oldkentroadsurgery@nhs.net"
"G85051","ELM LODGE SURGERY","2 BURBAGE ROAD","DULWICH","LONDON","SE24 9HJ","elmlodge.surgery@nhs.net"
"G85048","THE BROCKLEY ROAD SURGERY","465-467 BROCKLEY ROAD","BROCKLEY","LONDON","SE4 2PJ","lew-pct.g85048-general@nhs.net"
"G85047","KNIGHTS HILL SURGERY","130 KNIGHTS HILL","NORWOOD","LONDON","SE27 0ST","lamccg.knightshill@nhs.net"
"G85046","THE SURGERY, 20 LEE ROAD","BLACKHEATH","EAST LEWISHAM","LONDON","SE3 9RT",NULL
"G85044","VALLEY ROAD SURGERY","139 VALLEY ROAD","STREATHAM","LONDON","SW16 2XT","valleyroad@nhs.net"
"G85042","ST.GILES SURGERY","40 ST.GILES ROAD","CAMBERWELL","LONDON","SE5 7RF","docman.drvirji@nhs.net"
"G85041","PALACE ROAD SURGERY","3 PALACE ROAD","STREATHAM HILL","LONDON","SW2 3DY","lam-pct.palaceroad@nhs.net"
"G85036","BARING ROAD MEDICAL CTR","282 BARING ROAD","GROVE PARK","LONDON","SE12 0DS","docman.baring.rd@nhs.net"
"G85035","MORDEN HILL SURGERY","21 MORDEN HILL","LEWISHAM","LONDON","SE13 7NN","lew-pct.g85035-general@nhs.net"
"G85034","PRINCESS STREET GP PRACT.","2 PRINCESS STREET","ELEPHANT AND CASTLE","LONDON","SE1 6JP","admin.psgp@nhs.net"
"G85030","PARKSIDE MEDICAL CENTRE","52 CAMBERWELL GREEN","CAMBERWELL","LONDON","SE5 7AQ","sou-pct.ParksideMC@nhs.net"
"G85029","FALMOUTH ROAD GROUP PRACT","78 FALMOUTH ROAD","BOROUGH","LONDON","SE1 4JW","falmouthroad@nhs.net"
"G85027","LEE HEALTH CENTRE","2 HANDEN ROAD","LEE","LONDON","SE12 8NP","lew-pct.g85027-general@nhs.net"
"G85026","LEE HEALTH CENTRE","2 HANDEN ROAD","LEE","LONDON","SE12 8NP","lew-pct.g85026-general@nhs.net"
"G85025","22 RALEIGH GARDENS","","","LONDON","SW2 1AE","docman.g85025@nhs.net"
"G85021","THE SURGERY","2 PRENTIS ROAD","STREATHAM","LONDON","SW16 1XU","lamccg.drmastertonssurgery@nhs.net"
"G85020","4 KINGFISHER SQUARE","DEPTFORD","NEW CROSS","LONDON","SE8 5TW","lew-pct.g85020-general@nhs.net"
"G85016","HERNE HILL GROUP PRACTICE","74 HERNE HILL","EAST BRIXTON","LONDON","SE24 9QP","hernehillgp@nhs.net"
"G85015","THE QUEENS ROAD P/SHIP","387 QUEENS ROAD","NEW CROSS GATE","LONDON","SE14 5HD","docman.thequeensroadpartnership@nhs.net"
"G85012","AYLESBURY HEALTH CENTRE","TAPLOW","THURLOW STREET","LONDON","SE17 2XE","aylesburypartnership@nhs.net"
"G85011","THE CLAPHAM FAMILY PRAC.","51 CLAPHAM HIGH STREET","CLAPHAM","LONDON","SW4 7TL","lam-pct.claphamfamily-EHS@nhs.net"
"G85010","THE MANOR HEALTH CENTRE","86 CLAPHAM MANOR STREET","CLAPHAM","LONDON","SW4 6EB","lam-pct.drsantamaria-EHS@nhs.net"
"G85008","MORNINGTON SURGERY","433 NEW CROSS ROAD","NEW CROSS","LONDON","SE14 6TD",NULL
"G85006","ACORN SURGERY","136 MEETING HOUSE LANE","PECKHAM","LONDON","SE15 2UA","acorn.surgery@nhs.net"
"G85005","STH LEWISHAM GRP PRACTICE","50 CONISBOROUGH CRESCENT","CATFORD","LONDON","SE6 2SP","docman.southlewishamgrouppractice@nhs.net"
"G85004","JENNER HEALTH CENTRE","201 STANSTEAD ROAD","FOREST HILL","LONDON","SE23 1HU","docman.edt-g85004@nhs.net"
"G85003","THE SURGERY","36 BELMONT HILL","LEWISHAM","LONDON","SE13 5AY","lew-pct.g85003-general@nhs.net"
"G85002","STREATHAM HIGH PRACTICE","1-4 THE HIGH PARADE","LEIGHAM AVENUE","LONDON","SW16 1EX","lamccg.shs@nhs.net"
"G85001","THE FOREST HILL GRP PRACT","1 FOREST HILL ROAD","HONOR OAK, DULWICH","LONDON","SE22 0SQ","docman.fhgp@nhs.net"
"G84625","OAKFIELD SURGERY","21 HIGH STREET","PENGE","LONDON","SE20 7SF",NULL
"G84025","THE PARK GROUP PRACTICE","113 ANERLEY ROAD","ANERLEY","LONDON","SE20 8AJ",NULL
"G83680","THE COURT YARD SURGERY","28 THE COURT YARD","ELTHAM","LONDON","SE9 5QA",NULL
"G83675","ANGLESEA MEDICAL CENTRE","1 ANGLESEA MEWS","WOOLWICH","LONDON","SE18 6ER",NULL
"G83674","115 TUDWAY ROAD","FERRIER ESTATE","KIDBROOKE","LONDON","SE3 9YX",NULL
"G83667","PARKSIDE SURGERY","35 ELTHAM GREEN ROAD","ELTHAM","LONDON","SE9 6BA",NULL
"G83658","DOCTORS SURGERY","7 LEWISHAM ROAD","","LONDON","SE13 7QS",NULL
"G83657","CORELLI SURGERY","374 SHOOTERS HILL ROAD","","LONDON","SE18 4LS",NULL
"G83654","20-22 BANNOCKBURN ROAD","PLUMSTEAD","","LONDON","SE18 1ES",NULL
"G83635","THE WAVERLEY PRACTICE","37 WAVERLEY CRESCENT","PLUMSTEAD","LONDON","SE18 7QU",NULL
"G83633","CONWAY MEDICAL CENTRE","44 CONWAY ROAD","PLUMSTEAD","LONDON","SE18 1AH",NULL
"G83631","111 BASILDON ROAD","","ABBEY WOOD","LONDON","SE2 0ER",NULL
"G83069","MILLENIUM VILLAGE HTH CTR","SCHOOL BANK ROAD","GREENWICH","LONDON","SE10 0QN",NULL
"G83068","30-31 TELEMANN SQUARE","FERRIER ESTATE","KIDBROOKE","LONDON","SE3 9YR",NULL
"G83058","SOUTH ST MEDICAL CENTRE","71A GREENWICH SOUTH ST","GREENWICH","LONDON","SE10 8NT",NULL
"G83050","APURBA HOUSE SURGERY","154A SHOOTERS HILL ROAD","BLACKHEATH","LONDON","SE3 8RP",NULL
"G83039","ST.MARKS MEDICAL CENTRE","24 WROTTESLEY ROAD","PLUMSTEAD","LONDON","SE18 3EP",NULL
"G83031","ABBEY WOOD SURGERY","9 GODSTOW  ROAD","ABBEY WOOD","LONDON","SE2 9AT",NULL
"G83027","SHERARD ROAD MEDICAL CTR.","71 SHERARD ROAD","ELTHAM","LONDON","SE9 6ER",NULL
"G83017","115 TUDWAY ROAD","FERRIER ESTATE","KIDBROOKE","LONDON","SE3 9YX",NULL
"G83015","ELTHAM PALACE SURGERY","28 THE COURTYARD","ELTHAM","LONDON","SE9 5QA",NULL
"G83001","MANOR BROOK MEDICAL CTR.","117 BROOK LANE","BLACKHEATH","LONDON","SE3 0EN",NULL
"F86722","HURST ROAD HEALTH CENTRE","HURST ROAD","WALTHAMSTOW","LONDON","E17 3BL",NULL
"F86719","HURST ROAD HEALTH CENTRE","HURST ROAD","WALTHAMSTOW","LONDON","E17 3BL",NULL
"F86712","HAMPTON MEDICAL CENTRE","1 PRETORIA ROAD","LEYTONSTONE","LONDON","E11 4BB",NULL
"F86711","SOUTH WOODFORD HEALTH CTR","114 HIGH ROAD","SOUTH WOODFORD","LONDON","E18 2QS",NULL
"F86705","LANGTHORNE HEALTH CENTRE","13 LANGTHORNE ROAD","LEYTONSTONE","LONDON","E11 4HX",NULL
"F86701","LANGTHORNE HEALTH CENTRE","13 LANGTHORNE ROAD","LEYTONSTONE","LONDON","E11 4HX",NULL
"F86700","KINGS HEAD MEDICAL PRACT","178 KINGS HEAD HILL","CHINGFORD","LONDON","E4 7NX",NULL
"F86697","ST.JAMES' HEALTH CENTRE","ST.JAMES' STREET","WALTHAMSTOW","LONDON","E17 7NH",NULL
"F86679","258-260 HIGHAM HILL ROAD","","WALTHAMSTOW","LONDON","E17 5RQ",NULL
"F86671","THE SURGERY","12B SINNOTT ROAD","WALTHAMSTOW","LONDON","E17 5QB",NULL
"F86666","HARROW ROAD SURGERY","108-110 HARROW ROAD","LEYTONSTONE","LONDON","E11 3QE",NULL
"F86664","LARKSHALL MEDICAL CENTRE","1 LARKSHALL ROAD","CHINGFORD","LONDON","E4 7HS",NULL
"F86658","SOUTH WOODFORD HEALTH CTR","114 HIGH ROAD","SOUTH WOODFORD","LONDON","E18 2QS",NULL
"F86644","FOREST ROAD MEDICAL CTR","354-358 FOREST ROAD","WALTHAMSTOW","LONDON","E17 5JG",NULL
"F86641","THE SHRUBBERIES MED CTR","12 THE SHRUBBERIES","SOUTH WOODFORD","LONDON","E18 1BD",NULL
"F86640","COMELY BANK CLINIC","46 RAVENSWOOD ROAD","WALTHAMSTOW","LONDON","E17 9LY",NULL
"F86639","THATCHED HOUSE MED CTRE","136 HIGH ROAD","LEYTONSTONE","LONDON","E15 1UA",NULL
"F86638","107-109 CHINGFORD MOUNT","ROAD","CHINGFORD","LONDON","E4 8LT",NULL
"F86627","CHURCHILL MEDICAL CENTRE","1 CHURCHILL TERRACE","CHINGFORD","LONDON","E4 8DG",NULL
"F86626","FOREST ROAD MEDICAL CTRE","354-358 FOREST ROAD","WALTHAMSTOW","LONDON","E17 5JG",NULL
"F86621","GREEN MAN MEDICAL CENTRE","1 HANBURY DRIVE","LEYTONSTONE","LONDON","E11 1GA",NULL
"F86616","THE OLDCHURCH SURGERY","99 CHINGFORD AVENUE","CHINGFORD","LONDON","E4 6RG",NULL
"F86607","COMELY BANK CLINIC","46 RAVENSWOOD ROAD","WALTHAMSTOW","LONDON","E17 9LY",NULL
"F86602","FOREST ROAD MEDICAL CTR","354-358 FOREST ROAD","WALTHAMSTOW","LONDON","E17 5JG",NULL
"F86086","WOOD STREET HEALTH CENTRE","6 LINFORD RD-OFF WOOD ST","WALTHAMSTOW","LONDON","E17 3LA",NULL
"F86078","THE RIDGEWAY SURGERY","1 MOUNT ECHO AVENUE","CHINGFORD","LONDON","E4 7JX",NULL
"F86075","THE ALPHA PRACTICE","CHINGFORD HEALTH CENTRE","109 YORK ROAD, CHINGFORD","LONDON","E4 8LF",NULL
"F86074","4TH FL OLIVER RD MED CTR","75 OLIVER ROAD","LEYTON","LONDON","E10 5LG",NULL
"F86067","CHINGFORD HEALTH CENTRE","109 YORK ROAD","CHINGFORD","LONDON","E4 8LF",NULL
"F86064","SOUTH WOODFORD HEALTH CTR","114 HIGH ROAD","SOUTH WOODFORD","LONDON","E18 2QS",NULL
"F86062","GROVE SURGERY","103-105 GROVE ROAD","WALTHAMSTOW","LONDON","E17 9BU",NULL
"F86053","THE SHIELING","24 SPRATT HALL ROAD","WANSTEAD","LONDON","E11 2RQ",NULL
"F86036","THE ALLUM MEDICAL CENTRE","FAIRLOP ROAD","LEYTONSTONE","LONDON","E11 1BN",NULL
"F86032","45 WANSTEAD PLACE","WANSTEAD HIGH STREET","WANSTEAD","LONDON","E11 2SW",NULL
"F86026","CENTRAL SURGERY","2 MACDONALD ROAD","WALTHAMSTOW","LONDON","E17 4BA",NULL
"F86023","THE EVERGREEN SURGERY","26 HIGH STREET","WANSTEAD","LONDON","E11 2AQ",NULL
"F86020","2 GLEBELANDS AVENUE","SOUTH WOODFORD","","LONDON","E18 2AB",NULL
"F86016","FOREST ROAD MEDICAL CTR","354-358 FOREST ROAD","WALTHAMSTOW","LONDON","E17 5JG",NULL
"F86015","CENTRAL SURGERY","8 CORBETT ROAD","WALTHAMSTOW","LONDON","E17 3JZ",NULL
"F86011","THE MANOR PRACTICE","454 LEA BRIDGE ROAD","LEYTON","LONDON","E10 7DY",NULL
"F86005","PENRHYN SURGERY","2A PENRHYN AVENUE","WALTHAMSTOW","LONDON","E17 5DB",NULL
"F86004","THE HEALTH CENTRE","HANDSWORTH AVENUE","HIGHAMS PARK","LONDON","E4 9PD",NULL
"F86001","ST.JAMES' HEALTH CENTRE","ST.JAMES' STREET","WALTHAMSTOW","LONDON","E17 7NH",NULL
"F85706","FOREST PRIMARY CARE CTR","308A HERTFORD ROAD","EDMONTON","LONDON","N9 7HD",NULL
"F85702","STUART CRESCENT HLTH.CTR.","8 STUART CRESCENT","WOOD GREEN","LONDON","N22 5NJ",NULL
"F85701","GILLAN HOUSE SURGERY","457 GREEN LANES","PALMERS GREEN","LONDON","N13 4BS",NULL
"F85699","BROADWATER FARM HTH. CTR.","2A WILLAN ROAD","TOTTENHAM","LONDON","N17 6BF",NULL
"F85698","THE GREEN PRACTICE","FOREST ROAD HEALTH CENTRE","2A FOREST ROAD,EDMONTON","LONDON","N9 8RZ",NULL
"F85697","572 GREEN LANES","HORNSEY","","LONDON","N8 0RP",NULL
"F85688","RUTLAND HOUSE SURGERY","40 COLNEY HATCH LANE","MUSWELL HILL","LONDON","N10 1DX",NULL
"F85687","OAKWOOD MEDICAL CENTRE","MALCOLMS WAY","RESERVOIR ROAD, SOUTHGATE","LONDON","N14 4AQ",NULL
"F85685","THE SURGERY","939 GREEN LANES","WINCHMORE HILL","LONDON","N21 2PB",NULL
"F85680","157 STROUD GREEN ROAD","FINSBURY PARK","","LONDON","N4 3PZ",NULL
"F85679","ALLENSON HOUSE MED CENTRE","WESTON PARK","CROUCH END","LONDON","N8 9TB",NULL
"F85676","FOREST PRIMARY CARE CTR","308A HERTFORD ROAD","EDMONTON","LONDON","N9 7HD",NULL
"F85675","THE ALEXANDRA SURGERY","125 ALEXANDRA PARK ROAD","WOOD GREEN","LONDON","N22 7UN",NULL
"F85658","THE SURGERY","23 GROSVENOR ROAD","MUSWELL HILL","LONDON","N10 2DR",NULL
"F85655","THE SURGERY","2 WILLOUGHBY ROAD","","LONDON","N8 0HR",NULL
"F85650","MORECAMBE SURGERY","1 MORECAMBE TERRACE","UPPER EDMONTON","LONDON","N18 1LA",NULL
"F85638","THE PALM MEDICAL CENTRE","ULSTER GARDENS","PALMERS GREEN","LONDON","N13 5DP",NULL
"F85616","THE SURGERY","102 MUSWELL HILL ROAD","MUSWELL HILL","LONDON","N10 3JR",NULL
"F85068","ST.ANN'S MEDICAL CENTRE","198 ST.ANN'S ROAD","TOTTENHAM","LONDON","N15 5RP",NULL
"F85066","BOUNDS GREEN GROUP PRACT","GORDON RD,BOUNDS GREEN","NEW SOUTHGATE","LONDON","N11 2PF",NULL
"F85065","STUART CRESCENT HLTH CTRE","STUART CRESCENT","WOOD GREEN","LONDON","N22 5NJ",NULL
"F85063","DUKES AVENUE PRACTICE","1 DUKES AVENUE","MUSWELL HILL","LONDON","N10 2PS",NULL
"F85058","NIGHTINGALE HOUSE SURGERY","1 NIGHTINGALE ROAD","EDMONTON","LONDON","N9 8AJ",NULL
"F85055","CONNAUGHT SURGERY","144 HEDGE LANE","PALMERS GREEN","LONDON","N13 5ST",NULL
"F85052","THE SURGERY","1 SPUR ROAD","TOTTENHAM","LONDON","N15 4AA",NULL
"F85044","FOREST PRIMARY CARE CTR","308A HERTFORD ROAD","EDMONTON","LONDON","N9 7HD",NULL
"F85040","STUART CRESCENT HTH.CTR.","STUART CRESCENT","WOOD GREEN","LONDON","N22 5NJ",NULL
"F85033","THE SURGERY","939 GREEN LANES","WINCHMORE HILL","LONDON","N21 2PB",NULL
"F85031","THE SURGERY","205 WESTBURY AVENUE","WOOD GREEN","LONDON","N22 6RX",NULL
"F85030","FINBAR HOUSE","794 HIGH ROAD","TOTTENHAM","LONDON","N17 0DH",NULL
"F85028","THE SURGERY","461-463 HIGH ROAD","TOTTENHAM","LONDON","N17 6QB",NULL
"F85020","THE WOODBERRY PRACTICE","1 WOODBERRY AVENUE","WINCHMORE HILL","LONDON","N21 3LE",NULL
"F85015","DOVER HOUSE SURGERY","28 BOLTON ROAD","EDMONTON","LONDON","N18 1HR",NULL
"F85013","TYNEMOUTH MED PRACTICE","TYNEMOUTH ROAD","TOTTENHAM","LONDON","N15 4RH",NULL
"F85008","MORUM HOUSE MEDICAL CTR","3-5 BOUNDS GREEN ROAD","WOOD GREEN","LONDON","N22 8HE",NULL
"F85007","LAWRENCE HOUSE SURGERY","107 PHILIP LANE","TOTTENHAM","LONDON","N15 4JR",NULL
"F85002","FOREST PRIMARY CARE CTR","308A HERTFORD ROAD","EDMONTON","LONDON","N9 7HD",NULL
"F84750","APPLEBY CENTRE","63 APPLEBY ROAD","CANNING TOWN","LONDON","E16 1LQ",NULL
"F84749","CARPENTERS COMMUNITY CTRE","17 DORAN WALK","STRATFORD","LONDON","E15 2JL",NULL
"F84746","ALDGATE MEDICAL CENTRE","384-398 COMMERCIAL ROAD","","LONDON","E1 0LR",NULL
"F84745","STUDENT HEALTH CENTRE","20 SEBASTIAN STREET","","LONDON","EC1V 0HE",NULL
"F84742","EAST HAM MEMORIAL BLDG","SHREWSBURY ROAD","FOREST GATE","LONDON","E7 8QR",NULL
"F84741","EAST HAM MEMORIAL HPL","SHREWSBURY ROAD","FOREST GATE","LONDON","E7 8QR",NULL
"F84740","NEWHAM TRANSITIONAL PRAC","30 CHURCH ROAD","MANOR PARK","LONDON","E12 6AQ",NULL
"F84737","C/O WALK IN CENTRE","NEWHAM GEN HPL,GLEN ROAD","PLAISTOW","LONDON","E13 8SL",NULL
"F84735","BOLEYN MEDICAL CENTRE","152 BARKING ROAD","EAST HAM","LONDON","E6 3BD",NULL
"F84730","VICARAGE LANE HEALTH CTR","10 VICARAGE LANE","STRATFORD","LONDON","E15 4ES",NULL
"F84724","WOODGRANGE MED PRACTICE","40 WOODGRANGE ROAD","FOREST GATE","LONDON","E7 0QH",NULL
"F84718","THE BLITHEHALE MED.CTR.","3 JERSEY STREET","BETHNAL GREEN","LONDON","E2 0AW",NULL
"F84717","ROYAL DOCKS MEDICAL CTRE","19 EAST HAM MANOR WAY","BECKTON","LONDON","E6 5NA",NULL
"F84714","ST.PAUL'S WAY MEDICAL CTR","99 ST.PAUL'S WAY","BOW","LONDON","E3 4AJ",NULL
"F84713","EAST HAM MEDICAL CENTRE","1 CLEMENTS ROAD","EAST HAM","LONDON","E6 2DS",NULL
"F84710","ISLAND HEALTH","145 EAST FERRY ROAD","ISLE OF DOGS","LONDON","E14 3BQ",NULL
"F84708","343 PRINCE REGENT LANE","","","LONDON","E16 3JL",NULL
"F84707","ST.LUKES HEALTH CENTRE","2 ST.LUKES SQUARE","CANNING TOWN","LONDON","E16 1HT",NULL
"F84706","LORD LISTER HEALTH CENTRE","121 WOODGRANGE ROAD","FOREST GATE","LONDON","E7 0EP",NULL
"F84700","VICARAGE LANE HEALTH CTR","10 VICARAGE LANE","STRATFORD","LONDON","E15 4ES",NULL
"F84674","LONDON GUILDHALL UNIV.","HEALTH CENTRE","CALCUTTA HOUSE","LONDON","E1 7NT",NULL
"F84671","KATHERINE ROAD MEDICAL CENTRE","511 KATHERINE ROAD","","LONDON","E7 8DR",NULL
"F84670","WESTBURY ROAD MED.PRACT.","45 WESTBURY ROAD","FOREST GATE","LONDON","E7 8BU",NULL
"F84666","ST.LUKES HEALTH CENTRE","2 ST.LUKES SQUARE","CANNING TOWN","LONDON","E16 1HT",NULL
"F84662","APPLEBY HEALTH CENTRE","63 APPLEBY ROAD","CANNING TOWN","LONDON","E16 1LQ",NULL
"F84656","DOCKLANDS MEDICAL CENTRE","100 SPINDRIFT AVENUE","ISLE OF DOGS","LONDON","E14 9WU",NULL
"F84641","BIRCHDALE ROAD MED CENTRE","2 BIRCHDALE ROAD","FOREST GATE","LONDON","E7 8AR",NULL
"F84636","6 BARRETTS GROVE","","STOKE NEWINGTON","LONDON","N16 8AR",NULL
"F84631","LORD LISTER HEALTH CENTRE","121 WOODGRANGE ROAD","FOREST GATE","LONDON","E7 0EP",NULL
"F84629","2 DENBURY HOUSE","TALWIN STREET","BOW","LONDON","E3 3JB",NULL
"F84624","ABNEY HOUSE MED CENTRE","2 DEFOE ROAD","STOKE NEWINGTON","LONDON","N16 0EP",NULL
"F84621","THE MEDICAL CENTRE","1A MADINAH ROAD","","LONDON","E8 1PG",NULL
"F84601","ELSDALE STREET SURGERY","28 ELSDALE STREET","HACKNEY","LONDON","E9 6QY",NULL
"F84124","COMMUNITY SURGERY","10 LETTSOM WALK","PLAISTOW","LONDON","E13 0LN",NULL
"F84115","THE STATHAM GROVE SURGERY","STATHAM GROVE","STOKE NEWINGTON","LONDON","N16 9DP",NULL
"F84111","ABBEY ROAD HEALTH CENTRE","28A ABBEY ROAD","STRATFORD","LONDON","E15 3LT",NULL
"F84107","BETHNAL GREEN HEALTH CENTRE","60 FLORIDA STREET","","LONDON","E2 6LL",NULL
"F84096","THE LAWSON PRACTICE","ST.LEONARDS","85 NUTTALL STREET","LONDON","N1 5HZ",NULL
"F84093","TOLLGATE MEDICAL CENTRE","220 TOLLGATE ROAD","","LONDON","E6 5JS",NULL
"F84092","GLEN ROAD MEDICAL CENTRE","1-9 GLEN ROAD","PLAISTOW","LONDON","E13 8RU",NULL
"F84088","152 PLASHET ROAD","","UPTON PARK","LONDON","E13 0QT",NULL
"F84087","STEPNEY HEALTH CENTRE","79 BEN JONSON ROAD","STEPNEY","LONDON","E1 4SA",NULL
"F84086","LORD LISTER HEALTH CENTRE","121 WOODGRANGE ROAD","FOREST GATE","LONDON","E7 0EP",NULL
"F84067","1-3 BIRCHDOWN HOUSE","DEVONS ROAD","BOW","LONDON","E3 3NS",NULL
"F84060","ATHENA MEDICAL CENTRE","21 ATHERDEN ROAD","CLAPTON","LONDON","E5 0QP",NULL
"F84054","GILL STREET HEALTH CENTRE","11 GILL STREET","POPLAR","LONDON","E14 8HQ",NULL
"F84053","GREENGATE MEDICAL CENTRE","497 BARKING ROAD","PLAISTOW","LONDON","E13 8PS",NULL
"F84052","ESSEX LODGE","94 GREENGATE STREET","PLAISTOW","LONDON","E13 0AS",NULL
"F84034","ST.STEPHENS MEDICAL CTR.","BOWS COMMUNITY HALL","WILLIAMS PLACE","LONDON","E3 5ED",NULL
"F84033","SOMERFORD GROVE HLTH.CTR.","SOMERFORD GROVE","STOKE NEWINGTON","LONDON","N16 7TX",NULL
"F84029","STAMFORD HILL SURGERY","19-21 OLDHILL STREET","STAMFORD HILL","LONDON","N16 6LD",NULL
"F84021","LONDON FIELDS MEDICAL CTR","38-44 BROADWAY MARKET","HACKNEY","LONDON","E8 4QJ",NULL
"F84018","NIGHTINGALE PRACTICE","10 KENNINGHALL ROAD","CLAPTON","LONDON","E5 8BY",NULL
"F84017","STAR LANE MEDICAL CENTRE","121 STAR LANE","CANNING TOWN","LONDON","E16 4QH",NULL
"F84014","UPTON LANE MEDICAL CENTRE","75-77 UPTON LANE","FOREST GATE","LONDON","E7 9PB",NULL
"F84013","STAMFORD HILL GROUP PRACT","2 EGERTON ROAD","STAMFORD HILL","LONDON","N16 6UA",NULL
"F84012","ALBION HEALTH CENTRE","333 WHITECHAPEL ROAD","WHITECHAPEL","LONDON","E1 1BU",NULL
"F84010","ST.BARTHOLOMEW'S SURGERY","292A BARKING ROAD","EAST HAM","LONDON","E6 3BA",NULL
"F84009","STRATFORD VILLAGE SURGERY","50C ROMFORD ROAD","STRATFORD","LONDON","E15 4BZ",NULL
"F84008","BARTON HOUSE HEALTH CTR","233 ALBION ROAD","STOKE NEWINGTON","LONDON","N16 9JT",NULL
"F84006","SHREWSBURY ROAD HLTH CTR","SHREWSBURY ROAD","FOREST GATE","LONDON","E7 8QP",NULL
"F84004","MARKET STREET HEALTH GRP","52 MARKET STREET","EAST HAM","LONDON","E6 2RA",NULL
"F84003","LOWER CLAPTON HEALTH CTR.","36 LOWER CLAPTON ROAD","","LONDON","E5 0PD",NULL
"F83672","ST PHILLIPS HEALTH CENTRE","LONDON SCH.OF ECONOMICS","HOUGHTON STREET","LONDON","WC2A 2AE",NULL
"F83671","THE HORNSEY RISE PRACTICE","HORNSEY RISE HEALTH CTR.","HORNSEY RISE","LONDON","N19 3XU",NULL
"F83664","ISELDON ROAD MEDICAL CTR","115 ISELDON ROAD","","LONDON","N7 7JJ",NULL
"F83658","BELSIZE PRIORY MED PRACT","208 BELSIZE ROAD","KILBURN","LONDON","NW6 4DX",NULL
"F83652","THE AMWELL PRACTICE","4 NAOROJI STREET","ISLINGTON","LONDON","WC1X 0GB",NULL
"F83651","MED.COL.OF.ST.BARTHOLOMEW","HOSPITAL","CHARTER HOUSE SQUARE","LONDON","EC1M 6BQ",NULL
"F83644","THE VILLAGE PRACTICE","115 ISLEDON ROAD","","LONDON","N7 7JJ",NULL
"F83642","DOCTORS SURGERY","510 HORNSEY ROAD","","LONDON","N19 3QW",NULL
"F83623","THE KEATS GROUP PRACTICE","18 ROSSLYN HILL","HAMPSTEAD","LONDON","NW3 1PD",NULL
"F83064","CITY HOUSE MEDICAL CENTRE","UNIT 1-3 GROUND FLOOR","CITY HSE.,190-196 CITY RD","LONDON","EC1V 2QH",NULL
"F83058","THE HOLBORN MEDICAL CTR.","64-66 LAMB'S CONDUIT ST.","HOLBORN","LONDON","WC1N 3NA",NULL
"F83048","BRUNSWICK MEDICAL CENTRE","39 BRUNSWICK CENTRE","","LONDON","WC1N 1AF",NULL
"F83023","JAMES WIGG GROUP PRACTICE","KENTISH TOWN HEALTH CTR","2 BARTHOLOMEW ROAD","LONDON","NW5 2AJ",NULL
"F83022","THE CAVERSHAM GROUP PRACT","KENTISH TOWN HEALTH CTR","2 BARTHOLOMEW ROAD","LONDON","NW5 2AJ",NULL
"F83012","ELIZABETH AVE GROUP PRAC.","2 ELIZABETH AVENUE","ISLINGTON","LONDON","N1 3BS",NULL
"F83011","PRIMROSE HILL SURGERY","99 REGENTS PARK ROAD","","LONDON","NW1 8UR",NULL
"F83008","GOODINGE HEALTH CENTRE","GOODINGE CLOSE","NORTH ROAD","LONDON","N7 9EW",NULL
"F83006","CROWNDALE HEALTH CENTRE","59 CROWNDALE ROAD","","LONDON","NW1 1TN",NULL
"F83003","THE PARK END SURGERY","3 PARK END","(OFF SOUTH HILL PARK)","LONDON","NW3 2SE",NULL
"F83002","RIVER PLACE HEALTH CENTRE","RIVER PLACE","ESSEX ROAD","LONDON","N1 2DE",NULL
"E87774","THE PASSAGE","ST VINCENTS","CARLISLE PLACE","LONDON","SW1P 1NL",NULL
"E87768","KINGS COLLEGE HEALTH CTR","3RD FLR MACADAM BUILDING","SURREY STREET","LONDON","WC2R 2LS",NULL
"E87762","THE BELGRAVIA SURGERY","24-26 ECCLESTONE STREET","BELGRAVIA","LONDON","SW1W 9PY",NULL
"E87757","CONTINUING CARE UNIT","BARRY RICHARDS HOUSE","6 PENYWERN ROAD","LONDON","SW5 9ST",NULL
"E87756","THE LANARK MEDICAL CENTRE","GROUND FLOOR","165 LANARK ROAD","LONDON","W9 1NZ",NULL
"E87755","QUEENS PARK HEALTH CENTRE","DART STREET","KENSAL GREEN","LONDON","W10 4LY",NULL
"E87754","THE WELLINGTON HEALTH CTR","16 WELLINGTON ROAD","ST JOHN'S WOOD","LONDON","NW8 9SP",NULL
"E87735","QUEENS PARK HEALTH CENTRE","DART STREET","KENSAL GREEN","LONDON","W10 4LY",NULL
"E87733","EXMOOR SURGERY","EXMOOR STREET","","LONDON","W10 6DZ",NULL
"E87701","THE ABINGDON HEALTH CTRE","88-92 EARLS COURT ROAD","KENSINGTON","LONDON","W8 6EG",NULL
"E87677","IMPERIAL COLLEGE HTH CTR","(SOUTHSIDE,WATTS WAY)","40 PRINCES GARDENS","LONDON","SW7 1LY",NULL
"E87671","WOOD'S MEWS PRACTICE","22 WOODS MEWS","","LONDON","W1K 7DS",NULL
"E87070","THE CRAWFORD ST SURGERY","95-97 CRAWFORD STREET","","LONDON","W1H 2HJ",NULL
"E87069","SOHO CTR FOR HLTH & CARE","FIRST FLOOR","30 SOHO SQUARE","LONDON","W1D 3QS",NULL
"E87062","THE MAYFAIR MEDICAL CENTRE","3-5 WEIGHHOUSE STREET","","LONDON","W1K 5LS",NULL
"E87045","COVENT GARDEN MEDICAL CTR","ERIC KNAPP","47 SHORTS GARDENS","LONDON","WC2H 9AA",NULL
"E87039","THE SURGERY","UNIT 5","1-31 ELKSTONE ROAD","LONDON","W10 5AX",NULL
"E87026","MEANWHILE GARDEN MED CTR","UNIT 5","1-31 ELKSTONE ROAD","LONDON","W10 5NT",NULL
"E87010","MAIDA VALE HEALTH CENTRE","40 BIDDULPH MANSIONS","210 ELGIN AVENUE","LONDON","W9 1HT",NULL
"E87008","PADDINGTON GREEN HEALTH CENTRE","4 PRINCESS LOUISE CLOSE","","LONDON","W2 1LQ",NULL
"E85752","PARSONS GREEN CENTRE","5-7 PARSONS GREEN","FULHAM","LONDON","SW6 4UL",NULL
"E85748","THE MEDICAL CENTRE","13 OLLGAR CLOSE","UXBRIDGE ROAD","LONDON","W12 0NF",NULL
"E85731","HANWELL HEALTH CENTRE","20 CHURCH ROAD","HANWELL","LONDON","W7 1DR",NULL
"E85726","MATTOCK LANE HEALTH CTR.","78 MATTOCK LANE","WEST EALING","LONDON","W13 9NZ",NULL
"E85703","THE MEDICAL CENTRE","292 MUNSTER ROAD","FULHAM","LONDON","SW6 6BQ",NULL
"E85694","BOILEAU ROAD SURGERY","104 BOILEAU ROAD","EALING","LONDON","W5 3AJ",NULL
"E85693","GROVE PARK SURGERY","95 BURLINGTON LANE","CHISWICK","LONDON","W4 3ET",NULL
"E85692","THE WELLESLEY RD SURGERY","7 WELLESLEY ROAD","CHISWICK","LONDON","W4 4BJ",NULL
"E85691","CROSSLEY HOUSE SURGERY","SUTTON LANE NORTH","CHISWICK","LONDON","W4 4HF",NULL
"E85685","THE LILYVILLE SURGERY","630 FULHAM ROAD","FULHAM","LONDON","SW6 5RS",NULL
"E85672","SALISBURY SURGERY","178 DAWES ROAD","","LONDON","SW6 7HS",NULL
"E85669","50 WYNDHAM ROAD","WEST EALING","","LONDON","W13 9TE",NULL
"E85659","WHITE CITY HEALTH CENTRE","AUSTRALIA ROAD","SHEPHERDS BUSH","LONDON","W12 7PH",NULL
"E85658","HOLLY ROAD MEDICAL CENTRE","2A HOLLY ROAD","CHISWICK","LONDON","W4 1NU",NULL
"E85657","EALING PARK HEALTH CENTRE","195A SOUTH EALING ROAD","EALING","LONDON","W5 4RH",NULL
"E85650","EALING PARK HEALTH CENTRE","195A SOUTH EALING ROAD","EALING","LONDON","W5 4RH",NULL
"E85646","MILSON ROAD HEALTH CENTRE","1-13 MILSON ROAD","WEST KENSINGTON","LONDON","W14 0LJ",NULL
"E85636","PARK MEDICAL CENTRE","INVER COURT,INVERMEAD CL","","LONDON","W6 0QG",NULL
"E85630","WESTERN AVENUE SURGERY","56 WESTERN AVENUE","ACTON","LONDON","W3 7TY",NULL
"E85628","ELTHORNE PARK SURGERY","106 ELTHORNE PARK ROAD","HANWELL","LONDON","W7 2JJ",NULL
"E85625","CHISWICK HEALTH CENTRE","FISHERS LANE","CHISWICK","LONDON","W4 1RX",NULL
"E85624","WHITE CITY HEALTH CENTRE","AUSTRALIA ROAD","SHEPHERDS BUSH","LONDON","W12 7PH",NULL
"E85617","ACTON HEALTH CENTRE","35/61 CHURCH ROAD","ACTON","LONDON","W3 8PU",NULL
"E85128","SANDS END HEALTH CLINIC","170 WANDSWORTH BRIDGE RD","FULHAM","LONDON","SW6 2UQ",NULL
"E85125","STERNDALE SURGERY","74A STERNDALE ROAD","WEST KENSINGTON","LONDON","W14 0HX",NULL
"E85122","THE FLORENCE ROAD SURGERY","26 FLORENCE ROAD","EALING","LONDON","W5 3TX",NULL
"E85120","THE ARGYLE SURGERY","128 ARGYLE ROAD","WEST EALING","LONDON","W13 8ER",NULL
"E85118","THE FULHAM MEDICAL CENTRE","446 FULHAM ROAD","FULHAM","LONDON","SW6 1BG",NULL
"E85116","CUCKOO LANE SURGERY","14 CUCKOO LANE","HANWELL","LONDON","W7 3EY",NULL
"E85110","DOCTORS SURGERY","172 WANDSWORTH BRIDGE ROAD","","LONDON","SW6 2UQ",NULL
"E85109","THE ACTON HEALTH CENTRE","35/61 CHURCH ROAD","ACTON","LONDON","W3 8QE",NULL
"E85107","THE MILL HILL SURGERY","111 AVENUE ROAD","ACTON","LONDON","W3 8QH",NULL
"E85091","BRUNSWICK ROAD MED.CTR.","75 BRUNSWICK ROAD","EALING","LONDON","W5 1AQ",NULL
"E85072","MATTOCK LANE HEALTH CTR.","78 MATTOCK LANE","WEST EALING","LONDON","W13 9NZ",NULL
"E85057","QUEENS WALK PRACTICE","6 QUEENS WALK","EALING","LONDON","W5 1TP",NULL
"E85055","THE BUSH DOCTORS","16-17 WEST 12 SHOPP CTR","SHEPHERDS BUSH","LONDON","W12 8PP",NULL
"E85051","GREENFORD AVE MEDICAL CTR","322 GREENFORD AVENUE","HANWELL","LONDON","W7 3AH",NULL
"E85048","WHITE CITY HEALTH CENTRE","AUSTRALIA ROAD","SHEPHERDS BUSH","LONDON","W12 7PH",NULL
"E85042","THE NEW SURGERY","143A UXBRIDGE ROAD","SHEPHERDS BUSH","LONDON","W12 9RD",NULL
"E85041","HANWELL HEALTH CENTRE","20 CHURCH ROAD","HANWELL","LONDON","W7 1DR",NULL
"E85040","THE CHISWICK HEALTH CTR","FISHERS LANE","CHISWICK","LONDON","W4 1RX",NULL
"E85038","PALACE SURGERY","510 FULHAM PALACE ROAD","FULHAM","LONDON","SW6 6JD",NULL
"E85034","GROSVENOR HOUSE","147 THE BROADWAY","WEST EALING","LONDON","W13 9BE",NULL
"E85032","THE ASHCHURCH SURGERY","134 ASKEW ROAD","SHEPHERDS BUSH","LONDON","W12 9BP",NULL
"E85030","CHISWICK HEALTH CENTRE","FISHERS LANE","CHISWICK","LONDON","W4 1RX",NULL
"E85029","THE MEDICAL CENTRE","292 MUNSTER ROAD","FULHAM","LONDON","SW6 6BQ",NULL
"E85028","HILLCREST SURGERY","337 UXBRIDGE ROAD","ACTON","LONDON","W3 9RA",NULL
"E85026","MATTOCK LANE HEALTH CTR.","78 MATTOCK LANE","WEST EALING","LONDON","W13 9NZ",NULL
"E85025","651A FULHAM ROAD","","FULHAM","LONDON","SW6 5PX",NULL
"E85022","DOCTORS SURGERY","3 SHEPHERDS BUSH ROAD","","LONDON","W6 7NA",NULL
"E85019","CROWN STREET SURGERY","2 LOMBARD CT,CROWN STREET","ACTON","LONDON","W3 8SA",NULL
"E85016","THE GROVE HEALTH CENTRE","95 GOLDHAWK ROAD","SHEPHERDS BUSH","LONDON","W12 8EL",NULL
"E85014","NORTHFIELDS SURGERY","61 NORTHFIELD AVENUE","EALING","LONDON","W13 9QP",NULL
"E85013","HANWELL HEALTH CENTRE","20 CHURCH ROAD","HANWELL","LONDON","W7 1DR",NULL
"E85008","THE SURGERY","82 LILLIE ROAD","FULHAM","LONDON","SW6 1TN",NULL
"E85005","THE SURGERY","13 WESTWAY","SHEPHERDS BUSH","LONDON","W12 0PT",NULL
"E85003","NORTH END MEDICAL CENTRE","211 NORTH END ROAD","WEST KENSINGTON","LONDON","W14 9NP",NULL
"E84712","HOMELESS DAY CENTRE","RESETTLEMENT PROJECT","60 ASHFORD ROAD","LONDON","NW2 6TU",NULL
"E84706","FRYENT MEDICAL CENTRE","331 CHURCH LANE","KINGSBURY","LONDON","NW9 8JD",NULL
"E84704","ST.GEORGES MEDICAL CENTRE","PARK HILL HOUSE","9 DOLLIS HILL LANE","LONDON","NW2 6JH",NULL
"E84690","CREST MEDICAL CENTRE","157 CREST ROAD","NEASDEN","LONDON","NW2 7NA",NULL
"E84671","THE SURGERY","91 ST.RAPHAELS WAY","NEASDEN","LONDON","NW10 0NU",NULL
"E84656","ROUNDWOOD PARK MED. CTR.","POUND LANE CLINIC","POUND LANE","LONDON","NW10 2HH",NULL
"E84074","FREUCHEN MEDICAL CENTRE","190 HIGH STREET","HARLESDEN","LONDON","NW10 4ST",NULL
"E84067","THE CHURCH LANE SURGERY","282 CHURCH LANE","KINGSBURY","LONDON","NW9 8LU",NULL
"E84042","KILBURN PARK MEDICAL CTR.","12 CAMBRIDGE GARDENS","KILBURN","LONDON","NW6 5AY",NULL
"E84031","BRENTFIELD MEDICAL CENTRE","10 KINGFISHER WAY","BRENTFIELD ROAD","LONDON","NW10 8TF",NULL
"E84021","THE MEDICAL CENTRE","144-150 HIGH ROAD","WILLESDEN","LONDON","NW10 2PT",NULL
"E84015","WILLOW TREE FAMILY DRS","301 KINGSBURY ROAD","KINGSBURY","LONDON","NW9 9PE",NULL
"E84006","THE LAW MEDICAL","GROUP PRACTICE","9 WROTTESLEY ROAD","LONDON","NW10 5UY",NULL
"E83667","GROVEMEAD HEALTH CENTRE","67 ELLIOT ROAD","HENDON","LONDON","NW4 3EB",NULL
"E83666","36B WOODHOUSE ROAD","NORTH FINCHLEY","","LONDON","N12 0RG",NULL
"E83665","EDGWARE COMM. HOSPITAL","EDGWARE ROAD","EDGWARE","LONDON","HA8 0AD",NULL
"E83662","THE SURGERY","79 FRIERN BARNET ROAD","NEW SOUTHGATE","LONDON","N11 3EH",NULL
"E83657","HILLVIEW SURGERY","114 FINCHLEY LANE","HENDON","LONDON","NW4 1DG",NULL
"E83645","OSIDGE MEDICAL CENTRE","182 OSIDGE LANE","SOUTHGATE","LONDON","N14 5DR",NULL
"E83639","ROSEMARY SURGERY","2 ROSEMARY AVENUE","FINCHLEY","LONDON","N3 2QN",NULL
"E83638","THE MOUNTFIELD SURGERY","55 MOUNTFIELD ROAD","FINCHLEY","LONDON","N3 3NR",NULL
"E83633","WATFORD WAY MEDICAL CTR","278 WATFORD WAY","HENDON","LONDON","NW4 4UR",NULL
"E83631","CHERRY TREE SURGERY","26 SOUTHERN ROAD","EAST FINCHLEY","LONDON","N2 9JG",NULL
"E83621","BRUNSWICK PARK HEALTH CTR","BRUNSWICK PARK ROAD","NEW SOUTHGATE","LONDON","N11 1EY",NULL
"E83052","BRUNSWICK PARK HTH.CTR.","BRUNSWICK PARK ROAD","NEW SOUTHGATE","LONDON","N11 1EY",NULL
"E83050","EAST FINCHLEY MED CTR","39 BARONSMERE ROAD","EAST FINCHLEY","LONDON","N2 9QD",NULL
"E83045","16 ST.JOHNS VILLAS","FRIERN BARNET ROAD","","LONDON","N11 3BU",NULL
"E83039","RAVENSCROFT MEDICAL CTR","166-168 GOLDERS GREEN RD","GOLDERS GREEN","LONDON","NW11 8BB",NULL
"E83037","DERWENT CRESCENT MED CTR","20 DERWENT CRESCENT","WHETSTONE","LONDON","N20 0QQ",NULL
"E83035","WENTWORTH MEDICAL PRACT.","38 WENTWORTH AVENUE","FINCHLEY CENTRAL","LONDON","N3 1YL",NULL
"E83024","ST ANDREWS MEDICAL PRACT.","50 OAKLEIGH ROAD NORTH","WHETSTONE","LONDON","N20 9EX",NULL
"E83023","HOLLY PARK CLINIC","HOLLY PARK ROAD","FRIERN BARNET","LONDON","N11 3HB",NULL
"E83021","TORRINGTON PARK HLTH CTR.","16 TORRINGTON PARK","NORTH FINCHLEY","LONDON","N12 9SS",NULL
"E83020","ST.GEORGES MEDICAL CENTRE","7 SUNNINGFIELDS ROAD","HENDON","LONDON","NW4 4QR",NULL
"E83016","MILLWAY MEDICAL PRACTICE","HARTLEY AVENUE","MILL HILL","LONDON","NW7 2HX",NULL
"E83013","CORNWALL HOUSE PRACTICE","CORNWALL AVENUE","FINCHLEY","LONDON","N3 1LD",NULL
"E83010","TORRINGTON PARK HLTH CTR","TORRINGTON PARK ROAD","NORTH FINCHLEY","LONDON","N12 9SS",NULL
"E83009","TEMPLE FORTUNE HEALTH CTR","23 TEMPLE FORTUNE LANE","GOLDERS GREEN","LONDON","NW11 7TE",NULL
"E83008","HEATHFIELDE MEDICAL CTRE","LYTTELTON ROAD","FINCHLEY","LONDON","N2 0EE",NULL
"E83003","OAKLEIGH ROAD HEALTH CTR","280 OAKLEIGH ROAD NORTH","WHETSTONE","LONDON","N20 0DH",NULL
