"id","clinic","request_description_code","frequency_type"
"1","Transplant","EUC","Always"
"2","Transplant","BONE","Always"
"3","Transplant","LFT","Weekly"
"4","Transplant","GGT","Weekly"
"5","Transplant","AST","Weekly"
"6","Transplant","BIC","Always"
"7","Transplant","CRP","Always"
"8","Transplant","URAT","Monthly"
"9","Transplant","CHOL","Monthly"
"10","Transplant","FER","Monthly"
"11","Transplant","FOL","Yearly"
"12","Transplant","TFT","Yearly"
"13","Transplant","VITD","Monthly"
"14","Transplant","VITD","Monthly"
"15","Transplant","VITD","Monthly"
"16","Transplant","PTHI","Monthly"
"17","Transplant","PTHI","Monthly"
"18","Transplant","PTHI","Monthly"
"19","Transplant","PCR","Always"
"20","Transplant","CYA","Always"
"21","Transplant","FBC","Always"
"22","Transplant","RET","Monthly"
"23","Transplant","COAG","Monthly"
"24","Transplant","DIG","Always"
