"code","name","unit_of_measurement"
"1019","CD10+CD19","g/L"
"10HY","10-Hydroxycarbazepine","g/L"
"11DO","11-Deoxycortisol","g/L"
"125D","1-25 Di-Hydroxy Vitamin D","g/L"
"138D","CD138+ cells expressing CD56","g/L"
"17HP","17-Hydroxyprogesterone","g/L"
"17OH","17 Hydroxyprogesterone","g/L"
"1903","CD19+CD103","g/L"
"1911","CD19+CD11c","g/L"
"1913","CD19+CD13","g/L"
"1920","CD19+CD20 Absolute","g/L"
"1923","CD19+CD123","g/L"
"1925","CD19+CD25","g/L"
"192D","% CD19+ CD20+ Lymphocytes","g/L"
"1933","CD19+CD33","g/L"
"1943","CD19+CD43","g/L"
"1CYT","Type I Cytokines","g/L"
"21HA","Anti 21-hydroxylase Ab","g/L"
"235A","TNCs GLY.A+ve","g/L"
"23DG","2,3 DPG assay","g/L"
"24AL","24hr Urine ALA Excretion","g/L"
"24CI","24hr Urine Citrate","g/L"
"24PB","24hr Urine PBG Excretion","g/L"
"24PO","24hr U. Tot. Porphyrin Exc","g/L"
"2PG","2 PGA assay","g/L"
"30HB","3-Hydroxybutyrate","g/L"
"325H","% of CD25+ T cells in specimen","g/L"
"3HLA","%CD3+ve expressing HLA-DR","g/L"
"3PG","3 PGA assay","g/L"
"48SP","CD4 / CD8 Spectratyping","g/L"
"4A8","CD4+CD8","g/L"
"5A19","CD5+CD19","g/L"
"6MAM","6-acetyl Morphine","g/L"
"6PGA","6PGD assay.","g/L"
"A1CV","Alpha-1-antitrypsin CVS","g/L"
"A1FS","A1AT family study","g/L"
"A2V","Haemoglobin A2 variant","g/L"
"AAG","Hb elect.pH 6.0","g/L"
"AAP","Plasma Amino Acids","g/L"
"AAT","Alpha 1 Anti-Trypsin","g/L"
"AATG","Alpha-1-antitrypsin Genotyping","g/L"
"AAUT","Random Urine Amino Acids","g/L"
"ACAL","Adjusted Calcium","g/L"
"ACAN","Wet Prep Acanthocytes present","g/L"
"ACE","ACE","g/L"
"ACET","Acetazolamide","g/L"
"ACH","Anti Acetyl Choline recept Ab","g/L"
"ACHA","Acetyl cholinesterase assay.","g/L"
"ACLG","Anti Cardiolipin Ab IgG","g/L"
"ACLM","Anti Cardiolipin Ab IgM","g/L"
"ACON","Antenatal confirmation","g/L"
"ACPR","ACTH Precursors","g/L"
"ACRA","U Alb/Creat Ratio","g/L"
"ACTD","ACTH","g/L"
"ACTH","ACTH","g/L"
"ADA","Adenosine deaminase","g/L"
"ADAM","ADAMTS13","g/L"
"ADEQ","CAPD Adequacy Test","g/L"
"ADH","Anti Diuretic Hormone","g/L"
"ADH1","5 adhesion molecules","g/L"
"ADIP","Adiponectin","g/L"
"ADMH","Additional Markers","g/L"
"ADR","Random Urine Adrenaline","g/L"
"ADRE","24hr Urine Adrenaline","g/L"
"ADRN","Anti Adrenal antibodies","g/L"
"ADRP","Plasma Adrenaline","g/L"
"AER","Albumin Excretion Rate","g/L"
"AF76","alpha-lactalbumin","g/L"
"AF77","beta-lactoglobulin","g/L"
"AF78","Casein","g/L"
"AFP","AFP","g/L"
"AGE","Age","g/L"
"AIR1","AIRE1 mutation analysis","g/L"
"AKA","Adenylate kinase","g/L"
"AKBR","Alkyl Bromides","g/L"
"AL","Serum Aluminium","g/L"
"AL1","Aminolaevulinic Acid (ALA)","g/L"
"ALA","Random Urine ALA","g/L"
"ALB","Albumin","g/L"
"ALBD","Albumin","g/L"
"ALCR","Random Urine ALA Excretion","g/L"
"ALD","Aldosterone","g/L"
"ALDA","Aldolase assay.","g/L"
"ALP","Alk Phosph (ALP)","g/L"
"ALPI","Alk Phosph Isoenzyme","g/L"
"ALRR","Aldosterone / Renin","g/L"
"ALT","ALT","g/L"
"AMBP","Amyloid b protein","g/L"
"AMCR","Amfetamine Group (ratio)","g/L"
"AMCX","Amfetamine Confirmation","g/L"
"AMI","Amitryptiline","g/L"
"AMID","Amisulpride Dose","g/L"
"AMIO","Amiodarone","g/L"
"AMIP","Amisulpride","g/L"
"AMIX","Amisulpride (plasma)","g/L"
"AMK","Amikacin (Random)","g/L"
"AMKP","Amikacin (Peak)","g/L"
"AMKT","Amikacin (Trough)","g/L"
"AMM","Plasma Ammonia","g/L"
"AMP","Amfetamine","g/L"
"AMPI","Amfetamine Group Screen","g/L"
"AMPN","Amfetamine Group (numeric)","g/L"
"AMPO","Anti MPO Antibodies","g/L"
"AMPR","Amfetamine Isomer Ratio","g/L"
"AMSN","Amphiphysin","g/L"
"AMUR","Ammonium urate","g/L"
"AMY","Amylase","g/L"
"AMYI","Serum Amylase Isoenzymes","g/L"
"ANA","Anti Nuclear Abs","g/L"
"ANAP","Anti Nuclear antibodies Paedia","g/L"
"ANAX","ANA Titre","g/L"
"ANCA","ANCA","g/L"
"ANDR","Androgen Profile","g/L"
"ANDS","Androstenedione","g/L"
"ANG1","Angiotensin -I","g/L"
"ANG2","Angiotensin -II","g/L"
"ANTC","Antenatal Status Code","g/L"
"AP50","APTR 50/50 Correction","g/L"
"AP51","Complement Alt Pathway Funct","g/L"
"APCR","APC Resistance V","g/L"
"APTC","APTT (Control)","g/L"
"APTH","APTR (Heparin)","g/L"
"APTI","APTR Inhibitor screen","g/L"
"APTR","APTR","g/L"
"APTS","APTT (Test)","g/L"
"APTX","Previous APTR","g/L"
"AQP4","Anti Aquaporin 4","g/L"
"ARCH","Archive","g/L"
"ARID","Aripiprazole Dose","g/L"
"ARIX","Aripiprazole (plasma)","g/L"
"ARIZ","Aripiprazole","g/L"
"ARRA","Aldosterone / Renin Ratio","g/L"
"AS01","Alpha subunits 0 mins","g/L"
"AS02","Alpha subunits 20 mins","g/L"
"AS03","Alpha subunits 60 mins","g/L"
"ASBD","Alpha subunits","g/L"
"ASCR","Urine Arsenic/Creat ratio","g/L"
"ASM","Anti Smooth Muscle antibodies","g/L"
"ASMP","Smooth Muscle antibodies paed","g/L"
"ASMT","Smooth Muscle antibodies titre","g/L"
"AST","AST","g/L"
"ASU","Alpha Subunits","g/L"
"ASYN","Anti-Synthetase antibodies","g/L"
"AT3","Anti Thrombin III","g/L"
"AT3A","Anti Thrombin III Antigen","g/L"
"ATAZ","Atazanavir","g/L"
"ATG","Anti-Thyroglobulin Antibodies","g/L"
"ATNP","Atrial natriuretic peptide","g/L"
"ATPA","ATP assay","g/L"
"ATPT","ATP8B1 Gene Screen","g/L"
"ATYF","Atypical Lymphocytes Flag","g/L"
"B12","Vitamin B12","g/L"
"B27","HLA B27","g/L"
"B2GP","Beta 2 Glycoprotein 1 Abs","g/L"
"B2M","Beta 2 microglobulin conc","g/L"
"B49D","CD5+CD19+CD49d+","g/L"
"BA38","CD5+CD19+CD38+","g/L"
"BAC","Total Bile Acids","g/L"
"BACY","Acyl Carnitines (blood spot)","g/L"
"BARI","Barbiturates","g/L"
"BAS","Blood Arsenic","g/L"
"BASO","Basophils","g/L"
"BASX","Previous Basophils","g/L"
"BC%","B Cells %","g/L"
"BCC","B Cells Absolute Counts","g/L"
"BCD","Blood Cadmium","g/L"
"BCH","Blood Chromium","g/L"
"BDNA","DNA (Genetics)","g/L"
"BECR","Urine Beryllium/Creat ratio","g/L"
"BEND","B-Endorphin","g/L"
"BET9","Bethesda Anti IX","g/L"
"BETH","Bethesda Anti VIII Human","g/L"
"BETP","Bethesda Anti VIII Porcine","g/L"
"BEZI","Benzodiazepine Group","g/L"
"BEZN","Benzodiazepines (numeric)","g/L"
"BGLU","Blood Glucose","g/L"
"BHAM","HAV IgM","g/L"
"BHAT","HAV total Ab","g/L"
"BHBC","HBV core total Ab","g/L"
"BHBS","HBV surface Ab","g/L"
"BHCG","BHCG (molar pregnancy)","g/L"
"BHCV","HCV Ab","g/L"
"BHG","Blood Mercury","g/L"
"BIC","Bicarbonate","g/L"
"BIL","Total Bilirubin","g/L"
"BIL2","Urine Urobilinogen","g/L"
"BIOT","Biotinidase Activity","g/L"
"BLAF","?Blast Flag","g/L"
"BLAS","Blast Count","g/L"
"BM","Bone Marrow Report","g/L"
"BMAR","Bone Marrow Report","g/L"
"BMBL","Blast cells","g/L"
"BMCE","Cellularity","g/L"
"BMCO","Conclusion","g/L"
"BMDR","Consultant","g/L"
"BMER","Erythropoiesis","g/L"
"BMFH","Markers not performed","g/L"
"BMIP","Sideroblast iron","g/L"
"BMIR","Macrophage iron","g/L"
"BMKH","B Cell Markers","g/L"
"BMLY","Lymphocytes","g/L"
"BMME","M:E Ratio","g/L"
"BMMG","Megakaryocytes","g/L"
"BMML","Myelogram","g/L"
"BMMY","Granulopoiesis","g/L"
"BMN","Blood Manganese","g/L"
"BMNO","Name and Hosp Number","g/L"
"BMOT","Other","g/L"
"BMPE","Pending tests","g/L"
"BMPL","Plasma cells","g/L"
"BMQU","Particles","g/L"
"BMSI","Site of sample","g/L"
"BMWP","Bone Marrow Word Processed","g/L"
"BNP","BNP","g/L"
"BP1","IGF-BP1","g/L"
"BP2","IGF-BP2","g/L"
"BP3","IGF-BP3","g/L"
"BPB","Blood Lead (SI)","g/L"
"BRBN","Barbiturate (numeric)","g/L"
"BRSA","Bromide Salts","g/L"
"BRUG","Rubella virus IgG","g/L"
"BRUM","Rubella virus IgM","g/L"
"BRUV","Rubella virus IgG value","g/L"
"BSAP","Bone specific alk.phosphatase","g/L"
"BSB","Blood Antimony","g/L"
"BSLC","Comment","g/L"
"BSPH","Phenylalanine (blood spot)","g/L"
"BT","Bleeding Time","g/L"
"BTH","Blood Thallium","g/L"
"BTIT","Tests performed in BSL","g/L"
"BUCR","Buprenorphine (ratio)","g/L"
"BUPI","Buprenorphine","g/L"
"BUPN","Buprenorphine (numeric)","g/L"
"BVOL","Urine volume","g/L"
"BZCR","Benzodiazepines (ratio)","g/L"
"C1","Penicilloyl G","g/L"
"C10","CD10","g/L"
"C103","CD103","g/L"
"C10K","CD10+Kappa+","g/L"
"C10L","CD10+Lambda+","g/L"
"C117","CD117","g/L"
"C11B","CD11b","g/L"
"C11C","CD11c","g/L"
"C125","CA125","g/L"
"C13","CD13","g/L"
"C138","TNCs CD138 +ve","g/L"
"C14","CD14","g/L"
"C14M","CD14+ve Monocytes","g/L"
"C15","CD15","g/L"
"C153","CA153","g/L"
"C16","CD16","g/L"
"C16N","CD16+ve Granulocytes","g/L"
"C19","CD19","g/L"
"C199","CA199","g/L"
"C19A","CD19 Absolute","g/L"
"C19D","% CD19+ Lymphocytes","g/L"
"C1A","CD1a","g/L"
"C1NH","C1 inhibitor antigenic conc","g/L"
"C1Q","C1q concentration","g/L"
"C2","CD2","g/L"
"C20","CD20","g/L"
"C202","Suxamethonium","g/L"
"C209","Chymopapain","g/L"
"C20A","CD20 Absolute","g/L"
"C20D","% CD20+ Lymphocytes","g/L"
"C22","CD22","g/L"
"C23","CD23","g/L"
"C25","CD25","g/L"
"C25T","% CD3+ CD25+ T cells","g/L"
"C264","CYP2D6*4","g/L"
"C3","Complement (C3)","g/L"
"C33","CD33","g/L"
"C34","CD34","g/L"
"C34A","CD34+ Cells absolute","g/L"
"C34B","% CD34+ Cells","g/L"
"C34H","CD34 Quantitation","g/L"
"C38","CD38","g/L"
"C3NP","C3 Nephritic factor","g/L"
"C3TC","CD3+ve T cells =","g/L"
"C4","Complement (C4)","g/L"
"C40E","CD40 Expression","g/L"
"C41","CD41","g/L"
"C42B","CD42b","g/L"
"C45","CD45","g/L"
"C4A8","CD4:CD8","g/L"
"C5","CD5","g/L"
"C56","CD56","g/L"
"C57","CD57","g/L"
"C61","CD61","g/L"
"C64","CD64","g/L"
"C7","CD7","g/L"
"C70","Insulin Porcine","g/L"
"C71","Insulin Bovine","g/L"
"C73","Insulin Human","g/L"
"C74","Gelatin, bovine","g/L"
"C79B","CD79b","g/L"
"C8","CD8","g/L"
"CA01","Calcitonin 0 mins","g/L"
"CA02","Calcitonin 10 mins","g/L"
"CA03","Calcitonin 15 mins","g/L"
"CA04","Calcitonin 20 mins","g/L"
"CA05","Calcitonin 30 mins","g/L"
"CA06","Calcitonin 40 mins","g/L"
"CA07","Calcitonin 45 mins","g/L"
"CA08","Calcitonin 60 mins","g/L"
"CACE","CSF Angiotensin Convert.Enzyme","g/L"
"CACN","Calcium Thrombin (Control)","g/L"
"CACR","Cannabis (ratio)","g/L"
"CADP","Collagen/ADP","g/L"
"CAE1","Caeruloplasmin","g/L"
"CAER","Caeruloplasmin","g/L"
"CAFF","Caffeine","g/L"
"CAFP","CSF AFP","g/L"
"CAG","Citric Agar Gel","g/L"
"CAL","Calcium","g/L"
"CALC","Calcitonin","g/L"
"CALD","Calcitonin","g/L"
"CAM","Hb elect. pH 8.6","g/L"
"CANS","Candida Stim","g/L"
"CARB","Carbamazepine","g/L"
"CASC","Calcium Thrombin Time (Test)","g/L"
"CASP","Calculus Specimen","g/L"
"CATU","Random Urine Catecholamines","g/L"
"CBCR","Urine Cobalt/Creat ratio","g/L"
"CBIL","Conj Bilirubin","g/L"
"CBZE","Carbamazepine 10,11 Epoxide","g/L"
"CCA","Corrected Calc","g/L"
"CCJD","CSF for CJD","g/L"
"CCK","Cholecystokinin","g/L"
"CCL","Creatinine Clearance","g/L"
"CCP","CCP Antibodies","g/L"
"CCPX","Previous CCP Antibodies","g/L"
"CD10","CD10","g/L"
"CD11","CD11c","g/L"
"CD19","CD19","g/L"
"CD20","CD20","g/L"
"CD22","CD22","g/L"
"CD23","CD23","g/L"
"CD24","CD24+ve Granulocytes","g/L"
"CD2H","CD20 Enumeration","g/L"
"CD3","CD3+ T cells","g/L"
"CD3%","CD3 Lymphocytes %","g/L"
"CD3C","CD3 Lymphocytes","g/L"
"CD3S","CD3 Stimulation of Lymphocytes","g/L"
"CD3T","CD3","g/L"
"CD4","CD4+ T cells","g/L"
"CD4%","CD4 Lymphocytes %","g/L"
"CD43","CD43","g/L"
"CD4C","CD4 Lymphocytes Abs Counts","g/L"
"CD4N","Weak CD4 + Non T cells","g/L"
"CD55","CD55+ve Red cells","g/L"
"CD59","CD59+ve Red cells","g/L"
"CD66","CD66b+ve Granulocytes","g/L"
"CD8%","CD8 Lymphocytes %","g/L"
"CD8C","CD8 Lymphocytes Abs Counts","g/L"
"CDCR","Urine Cadmium/Creat Ratio","g/L"
"CDG","Carbohydrate Def. Glycoprotein","g/L"
"CDT","Carbohydrate Def. Transferrin","g/L"
"CEA","CEA","g/L"
"CEPI","Collagen/EPI","g/L"
"CER5","5 cerebral molecules","g/L"
"CER7","7 cerebral molecules","g/L"
"CFER","CSF Ferritin","g/L"
"CFG","Cystic Fibrosis Genotyping","g/L"
"CFIB","Clauss Fibrinogen","g/L"
"CGEN","CSF Gentamicin","g/L"
"CGLU","CSF Glucose","g/L"
"CGLY","CSF Glycine","g/L"
"CH50","Complement Class Pathway Funct","g/L"
"CHAB","Chromogranins A","g/L"
"CHAC","Chamber count and cytospin","g/L"
"CHCG","CSF HCG","g/L"
"CHCR","Urine Chromium/Creat Ratio","g/L"
"CHIE","Cholinesterase","g/L"
"CHLO","Chlorpromazine","g/L"
"CHOL","Cholesterol","g/L"
"CHPS","Cholin/Pseudocholinesterase","g/L"
"CHR","Reticulocyte HB Content","g/L"
"CHRO","Chromosomes","g/L"
"CI2","Penicilloyl V","g/L"
"CI5","Ampicilloyl","g/L"
"CI6","Amoxycilloyl","g/L"
"CI7","Cefaclor","g/L"
"CI8","Chlorhexidine","g/L"
"CIGG","CSF IgG","g/L"
"CIT","Citalopram","g/L"
"CK","CK","g/L"
"CL","Chloride","g/L"
"CLAC","CSF Lactate","g/L"
"CLNZ","Clonazepam","g/L"
"CLO","Clomipramine","g/L"
"CLOB","Clobazam","g/L"
"CLOX","Clozapine (plasma)","g/L"
"CLZ","Clozapine","g/L"
"CM20","Comment CD20","g/L"
"CM34","Comment CD34","g/L"
"CMCH","Commment Cytochemistry","g/L"
"CMEL","Comment Elect.","g/L"
"CMEZ","Comment enzymes","g/L"
"CMG6","COMMENT G6PD","g/L"
"CMIC","Comment Immunochem","g/L"
"CMIH","Lab. Comment","g/L"
"CMIN","CommentIntermediates","g/L"
"CMMS","MISC COMMENT (RCL)","g/L"
"CNCH","Conclusion Cytochemistry","g/L"
"CNPB","Centromere Protein B Abs","g/L"
"CNSG","Crigler-Najjar Synd. Genetics","g/L"
"COCI","Cocaine Metabolites","g/L"
"COCN","Cocaine (numeric)","g/L"
"COCR","Cocaine (ratio)","g/L"
"COD","Codeine","g/L"
"COEQ","Coenzyme Q","g/L"
"COGB","CSF Oligoclonal Banding","g/L"
"COHB","Carboxyhb","g/L"
"COMI","Lab Comment","g/L"
"COMX","COMX","g/L"
"CONI","Conclusion","g/L"
"CORD","Cortisol","g/L"
"CORT","Cortisol","g/L"
"COT","Cotinine (serum and urine)","g/L"
"COVV","% Correction","g/L"
"COX0","Calcium oxalate","g/L"
"COX1","Calcium oxalate 1H2O","g/L"
"COX2","Calcium oxalate 2H2O","g/L"
"CP01","C-Peptide 0 mins","g/L"
"CP02","C-Peptide 30 mins","g/L"
"CP03","C-Peptide 60 mins","g/L"
"CP04","C-Peptide 90 mins","g/L"
"CP05","C-Peptide 120 mins","g/L"
"CPCR","U. Cu post penicill/Cr ratio","g/L"
"CPD","C-Peptide","g/L"
"CPEP","C-Peptide","g/L"
"CPHO","Calcium phosphate","g/L"
"CPRO","CSF Protein","g/L"
"CPY1","CSF Pyruvate","g/L"
"CRCL","Creatinine Clearance","g/L"
"CRE","Creatinine","g/L"
"CRED","Creatinine","g/L"
"CRF","Corticotrophin Releas. Factor","g/L"
"CRP","C-Reactive Protein","g/L"
"CRY","Joint Fluid Crystals","g/L"
"CRYO","Cryoglobulins","g/L"
"CS10","CSF S100","g/L"
"CSBG","Corticosteroid bind. globulin","g/L"
"CSPN","Cytospin","g/L"
"CT24","24hr Urine Catecholamines","g/L"
"CTAU","CSF TAU Protein","g/L"
"CTX","Serum crosslaps","g/L"
"CU","Serum Copper","g/L"
"CU24","24hr Urine Copper","g/L"
"CUCP","Copper & Caeruloplasmin","g/L"
"CUCR","Urine Copper/Creatinine Ratio","g/L"
"CVAN","CSF Vancomycin","g/L"
"CVIS","Country Visited","g/L"
"CY12","12 different growth factors","g/L"
"CY22","Cytoplasmic CD22","g/L"
"CY3","Cytoplasmic CD3","g/L"
"CY79","Cytoplasmic CD79a","g/L"
"CYA","Cyclosporin A","g/L"
"CYCN","Cytochemistry conclusion","g/L"
"CYCO","Cytochemistry comments","g/L"
"CYKA","Cytoplasmic Kappa","g/L"
"CYLA","Cytoplasmic Lambda","g/L"
"CYLY","Cytoplasmic Lysosyme","g/L"
"CYMH","Cytoplasmic Markers","g/L"
"CYMP","Cytoplasmic Myeloperoxidase","g/L"
"CYMU","Cytoplasmic Mu","g/L"
"CYSC","Cystatin C","g/L"
"CYT1","12 different growth factors","g/L"
"D1","D. pteronyssinus","g/L"
"D2","D. farinae","g/L"
"D201","Blomia tropicalis House dust m","g/L"
"D3","Dermatophagoides microceras","g/L"
"D70","Acarus siro Storage mite","g/L"
"D71","Lepidoglyphus destructor Stora","g/L"
"D72","Tyrophagus putrescentiae Stora","g/L"
"D73","Glycyphagus domesticus Stora","g/L"
"D74","Euroglyphus maynei House dust","g/L"
"DAL","Dialysis Fluid Aluminium","g/L"
"DARI","Dehydroaripiprazole","g/L"
"DARU","Darunavir","g/L"
"DCLZ","Clozapine Dose","g/L"
"DD","D-Dimer","g/L"
"DESC","Desmethylclomipramine","g/L"
"DESE","Desethylamiodarone","g/L"
"DESF","Desmethyl Fluoxetine","g/L"
"DEST","Desmethyltrimipramine","g/L"
"DF01","Endocrine GTT GH Only","g/L"
"DF02","Insulin Stress Test","g/L"
"DF03","Insulin Stress Test (Cort)","g/L"
"DF04","Insulin Stress Test (GH)","g/L"
"DF05","LHRH Stimulation Test","g/L"
"DF06","TRH Stimulation Test","g/L"
"DF07","TRH Stimulation Test (aSub)","g/L"
"DF08","TRH Stimulation Test (GH)","g/L"
"DF09","Short Synacthen Test (SST)","g/L"
"DF10","SST with -30min sample","g/L"
"DF11","Cannulated Prolactin Test","g/L"
"DF12","Glucagon Test","g/L"
"DF13","Glucagon Test (adult -glucose)","g/L"
"DF14","Glucagon Test (adult GH only)","g/L"
"DF15","Glucagon Test (paed -glucose)","g/L"
"DF16","Combined glucagon and TRH test","g/L"
"DF17","Combined glucagon/TRH -glucose","g/L"
"DF18","Combined glucagon/TRH/SST","g/L"
"DF19","Long synacthen test","g/L"
"DF20","Hydrocortisone day curve","g/L"
"DF21","Cortisol day curve","g/L"
"DF22","Growth hormone day curve","g/L"
"DF23","Calcium Pentagastrin test","g/L"
"DF24","Alpha subunit series","g/L"
"DF25","GTT with Insulin/C-Pep","g/L"
"DF26","Insulin Stress Test (glucose)","g/L"
"DF27","OCTCHAL","g/L"
"DF28","CRF test","g/L"
"DF29","GTT with Insulin","g/L"
"DFM2","","g/L"
"DFTC","DFT Comment:","g/L"
"DFTM","","g/L"
"DGTT","Glucose Tolerance Test","g/L"
"DHAP","Dihydroxyacetone phosphate ay","g/L"
"DHC","Dihydrocodeine","g/L"
"DHEA","DHEA","g/L"
"DHES","DHEAS","g/L"
"DHT","Dihydrotestosterone","g/L"
"DIAB","Diabetic Profile","g/L"
"DIBU","Dibucaine Number","g/L"
"DIG","Digoxin","g/L"
"DLAM","Lamotrigine Dose","g/L"
"DLIH","Donor Lymphocyte Infusion","g/L"
"DLIW","WBC","g/L"
"DMKH","Dual Labelling Markers","g/L"
"DNA","Anti-dsDNA Ab","g/L"
"DNA1","DNA Extraction Conc.","g/L"
"DNA2","DNA Extraction Ratio","g/L"
"DNAC","ANTI-dsDNA (Crithidia)","g/L"
"DNAE","DNA Extraction","g/L"
"DNAX","Previous dsDNA Abs","g/L"
"DOP","Random Urine Dopamine","g/L"
"DOPA","24hr Urine Dopamine","g/L"
"DOTH","Dothiepin","g/L"
"DPAT","DPG/ATP Ratio","g/L"
"DPGA","Diphospho-glycerate mutase ay.","g/L"
"DR50","DRVV 50/50","g/L"
"DRVC","Dilute RVV Confirm","g/L"
"DRVV","Dilute RVV Test","g/L"
"DUR","Duration","g/L"
"ECHR","Vitamin E/Cholesterol ratio","g/L"
"EDCR","Methadone Metabolite (ratio)","g/L"
"EDDX","Methadone Metabolite","g/L"
"EDI","Methadone Metabolite","g/L"
"EDN","Methadone Metabolite (numeric)","g/L"
"EFAV","Efavirenz","g/L"
"EGF","Epidermal growth factor","g/L"
"EGFR","eGFR / 1.73 m2","g/L"
"EGLY","Ethylene Glycol","g/L"
"EMA","EMA Dye Binding","g/L"
"EMAC","EMA Comment","g/L"
"EMAN","EMA Normal Control","g/L"
"EMAT","EMA Dye Binding","g/L"
"ENAS","ENA Screen","g/L"
"ENDG","Anti Endomysial Ab (IgG)","g/L"
"ENDO","Anti Endomysial Ab (IgA)","g/L"
"ENFU","Enfuvirtide","g/L"
"ENOA","Enolase assay.","g/L"
"EOS","Eosinophil Count","g/L"
"EOSX","Previous Eosinophil Count","g/L"
"EP","Serum Electrophoresis","g/L"
"EPO","Erythropoietin","g/L"
"EPX","Previous Serum Electrophoresis","g/L"
"ESRR,E","ESRR, error code","g/L"
"ESRR","ESR","g/L"
"ESR","ESR","g/L"
"ETB","Blood Ethanol","g/L"
"ETG","Ethyl Glucuronide Group","g/L"
"ETGI","Ethyl Glucuronide","g/L"
"ETGN","Ethyl Glucuronide (numeric)","g/L"
"ETHO","Ethosuximide","g/L"
"ETP","Plasma Ethanol","g/L"
"ETRA","Etravirine","g/L"
"ETU","Random Urine Ethanol","g/L"
"F9AG","IXC:IX Ag Ratio","g/L"
"F9C","Factor IX","g/L"
"F9CR","Factor IX","g/L"
"FA1A","Faecal Alpha 1 Anti-Trypsin","g/L"
"FAFP","Fluid AFP","g/L"
"FAI","Free Androgen Index","g/L"
"FALB","Fluid Albumin","g/L"
"FAMY","Fluid Amylase","g/L"
"FATG","Fat Globules in stool","g/L"
"FBIC","Fluid Bicarbonate","g/L"
"FBIL","Fluid Bilirubin","g/L"
"FC1","C1 Inhibitor Function","g/L"
"FCA","Fluid Calcium","g/L"
"FCAL","Faecal Calprotectin","g/L"
"FCEA","Fluid CEA","g/L"
"FCHO","Fluid Chol","g/L"
"FCLR","Fluid Chloride","g/L"
"FCOM","Film comment","g/L"
"FCRE","Fluid Creatinine","g/L"
"FE","Iron","g/L"
"FE24","24hr Urine Iron","g/L"
"FECR","Urine Iron/Creatinine Ratio","g/L"
"FELA","Faecal Elastase","g/L"
"FER","Ferritin","g/L"
"FESA","% Iron Saturation","g/L"
"FFA","Free Fatty Acid","g/L"
"FG23","Fibroblast Growth Factor 23","g/L"
"FGF1","Fibroblast growth factor 1","g/L"
"FGLU","Fluid Glucose","g/L"
"FI8","Maize","g/L"
"FICU","Fibroblast Culture","g/L"
"FILC","Film comment","g/L"
"FILM","Film Comment:","g/L"
"FINT","Film comment internal","g/L"
"FIP","Fluid Phosphate","g/L"
"FISH","FISH","g/L"
"FK","Fluid Potassium","g/L"
"FL","Serum Fluoride","g/L"
"FL24","24hr Urine Fluoride Excretion","g/L"
"FLAM","FLAER+ve Monocytes","g/L"
"FLAN","FLAER+ve Granulocytes","g/L"
"FLDH","Fluid LDH","g/L"
"FLEC","Flecanide","g/L"
"FLNO","Fluoride Number","g/L"
"FLUD","Fluid Type","g/L"
"FLUI","Fluid Type","g/L"
"FLUO","Fluoxetine","g/L"
"FMC7","FMC7","g/L"
"FMG","Fluid Magnesium","g/L"
"FNA","Fluid Sodium","g/L"
"FOB","Faecal Occult Blood","g/L"
"FOL","Folate","g/L"
"FOSA","Fosamprenavir","g/L"
"FPS","Free Protein S","g/L"
"FRUC","Fructosamine","g/L"
"FS01","FSH 0 mins","g/L"
"FS02","FSH 20 mins","g/L"
"FS03","FSH 60 mins","g/L"
"FSH","FSH","g/L"
"FSHD","FSH","g/L"
"FSTA","Film status","g/L"
"FSUG","Faecal Reducing Substances","g/L"
"FT01","Free T4 0 mins","g/L"
"FT3","Free T3","g/L"
"FT4","Free T4","g/L"
"FT4D","Free T4","g/L"
"FTG","Fluid Trig","g/L"
"FTP","Fluid Total Protein","g/L"
"FTYP","Fluid Type","g/L"
"FURA","Fluid Urate","g/L"
"FURE","Fluid Urea","g/L"
"FVAC","Fetal VWF Activity","g/L"
"FVAG","Fetal VWF Antigen","g/L"
"FVOL","Urine volume","g/L"
"G1","Sweet vernal grass","g/L"
"G10","Johnson grass  Sorghum h","g/L"
"G11","Brome grass  Bromus inermis","g/L"
"G12","Cultivated rye","g/L"
"G13","Velvet grass","g/L"
"G14","Cultivated oat  Avena sativa","g/L"
"G15","Cultivated wheat  Triticum aes","g/L"
"G16","Meadow foxtail  Alopecurus pra","g/L"
"G17","Bahia grass  Paspalum notatum","g/L"
"G1PG","Galact-1-Phos. Genetics","g/L"
"G1PT","Galact.-1-PO4-Uridyl Transf.","g/L"
"G6EH","G6PD Screen","g/L"
"G6EP","End point","g/L"
"G6P","Glucose 6 phosphate","g/L"
"G7","Common reed  Phragmites comm","g/L"
"G70","Wild rye grass  Elymus tritic","g/L"
"G71","Canary grass  Phalaris arund","g/L"
"G8","Meadow grass, Kentucky blue","g/L"
"G9","Redtop, Bentgrass  Agrostis st","g/L"
"GA1P","Galactose 1 Phosphate","g/L"
"GABA","Gabapentin","g/L"
"GAD","Glutamic Acid Decarbox Abs","g/L"
"GAGS","Mucopolysaccharides/Oligosaccs","g/L"
"GAP","Glyc. 3 phosphate","g/L"
"GAPA","Glyceraldehyde phosphate DHDA.","g/L"
"GAST","Gastrin","g/L"
"GAWK","GAWK (B)","g/L"
"GBM","Anti Glom Basement Memb Ab","g/L"
"GEAC","Globin Chain Electro. (Acid)","g/L"
"GEAL","Globin Chain Electro. (Alkali)","g/L"
"GEN","Gentamicin (Random)","g/L"
"GENP","Gentamicin (Peak)","g/L"
"GENT","Gentamicin (Trough)","g/L"
"GF","Glandular Fever Screen","g/L"
"GF1","Eggwhite","g/L"
"GFH","Glandular Fever Test (Haematol","g/L"
"GFR","eGFR / 1.73 m2","g/L"
"GG6","Timothy Phleum pratense","g/L"
"GGON","Glucagon","g/L"
"GGT","Gamma GT","g/L"
"GHB","Gamma Hydroxy Butyrate","g/L"
"GHD","Growth Hormone","g/L"
"GHRE","Ghrelin","g/L"
"GI1","Honey bee Apis mellifera","g/L"
"GI3","Common wasp (Yellow jacket) Ve","g/L"
"GIP","Gastric inhibitory peptide","g/L"
"GLO","Globulin","g/L"
"GLP1","Glucagon-like-peptide-1","g/L"
"GLP2","Glucagon-like-peptide-2","g/L"
"GLU","Glucose","g/L"
"GLU0","Blood Glucose Time 0","g/L"
"GLU2","Blood Glucose Time 2hr","g/L"
"GLUD","Glucose","g/L"
"GLYA","GLY.A (CD235a) +ve Within gate","g/L"
"GLYC","CSF Glycine","g/L"
"GM1","Anti Ganglioside Ab GM1","g/L"
"GM2","Cladosporium herbarum","g/L"
"GM22","Micropolyspora faeni","g/L"
"GM23","Thermoactinomyces vulgaris","g/L"
"GM24","Stachybotrys atra","g/L"
"GM25","Aspergillus versicolor","g/L"
"GM26","Cladosporium cladosporioides","g/L"
"GM27","Penicillium spp.","g/L"
"GM3","Aspergillus fumigatus","g/L"
"GM5","Candida albicans","g/L"
"GM6","Alternaria alternata","g/L"
"GMX6","m1, Gm2, m4, Gm6","g/L"
"GMX7","Gm22, Gm23","g/L"
"GOOS","Genetics of Obesity Study","g/L"
"GOTA","Glutamate oxaloacetate taminas","g/L"
"GPC","Anti Gastric Parietal Cell Ab","g/L"
"GPCP","Gastric Parietal Cell Ab paed","g/L"
"GPD2","G6PD assay two-stage.","g/L"
"GPDA","G6PD assay (WHO).","g/L"
"GPIA","GPI assay","g/L"
"GPNH","Granulocyte PNH clone","g/L"
"GQ1B","Anti Ganglioside Ab GQ1B","g/L"
"GREA","Glutathione Reductase","g/L"
"GROW","GR without FAD","g/L"
"GRP","Gastrin releasing peptide","g/L"
"GRW","GR with FAD","g/L"
"GSE","Glycogen Storage Enzyme","g/L"
"GSH","Reduced Glutathione","g/L"
"GT3","Common silver birch Betula ver","g/L"
"GTIT","Urine Galactitol","g/L"
"GTT","Glucose Tolerance Test","g/L"
"GTTX","Glucose Tolerance Test","g/L"
"GUTX","Gut Hormone Screen","g/L"
"GX1","g3,g4,g5,g6,g8","g/L"
"GX2","g2, g5, g6, g8, g10, g17","g/L"
"GX3","g1, g5, g6, g12, g13","g/L"
"GX4","g1, g5, g7, g12, g13","g/L"
"GX6","g2, g5, g10, g11, g13, g17","g/L"
"H","H+","g/L"
"H1","Greer Labs., Inc.","g/L"
"H2","Hollister-Stier Labs.","g/L"
"H281","--HFE 282 Allele 1","g/L"
"H282","--HFE 282 Allele 2","g/L"
"H2N","Her 2 Neu","g/L"
"H631","--HFE 63 Allele 1","g/L"
"H632","--HFE 63 Allele 2","g/L"
"H651","--HFE 65 Allele 1","g/L"
"H652","--HFE 65 Allele 2","g/L"
"HA2P","Haemoglobin A2 %","g/L"
"HAEG","Haemochromatosis Genotyping","g/L"
"HAMS","Hams Test","g/L"
"HAMV","Hepatitis A IgM value","g/L"
"HAPT","Haptoglobin","g/L"
"HATV","Hepatitis A total value","g/L"
"HAZY","Hazy error code","g/L"
"HB","HGB","g/L"
"HGB","HGB","g/L"
"HBA","HbA1c (DCCT)","g/L"
"HBA0","Haemoglobin Ao %","g/L"
"HBA2","Haemoglobin A2 %","g/L"
"HBAI","HbA1c (IFCC)","g/L"
"HBAP","Haemoglobin Ao %","g/L"
"HBCP","Haemoglobin C %","g/L"
"HBCV","Hepatitis B core value","g/L"
"HBDP","Haemoglobin D %","g/L"
"HBDY","Hb H Body Preparation","g/L"
"HBFP","Haemoglobin F %","g/L"
"HBRX","Previous Hb","g/L"
"HBSP","Haemoglobin S %","g/L"
"HBUP","Unknown Hb%","g/L"
"HBX","Previous Hb","g/L"
"HC1","--HLA C Broad type 1","g/L"
"HC2","--HLA C Broad type 2","g/L"
"HC3","--HLA C Specific Allele 1","g/L"
"HC4","--HLA C Specific Allele 2","g/L"
"HCG","HCG","g/L"
"HCHM","Chamber Count","g/L"
"BIC","Bicarbonate","g/L"
"HCVV","Hepatitis C Ab value","g/L"
"HCY","Homocysteine","g/L"
"HDL","HDL Chol","g/L"
"HEAT","Heat Stability Test","g/L"
"HEBT","H. Pylori 13C-H Breath Test","g/L"
"HENZ","Heinz Body preparation","g/L"
"HERI","Street Heroin","g/L"
"HF28","HFE 282","g/L"
"HF63","HFE 63","g/L"
"HF65","HFE 65","g/L"
"HFAX","Faxed","g/L"
"HFIG","Heredit. Fructose Intolerance","g/L"
"HFR","High Flourescence Ratio","g/L"
"HGCR","Urine Mercury/Creat Ratio","g/L"
"HIAA","24hr Urine 5HIAA","g/L"
"HIB","Anti Haem Influenza IgG Ab","g/L"
"HIDX","Haemolysis Index","g/L"
"HII","Hepatic Iron Index","g/L"
"HION","H+","g/L"
"HIST","Anti Histone Antibodies","g/L"
"HIT","HIT Screen","g/L"
"HITR","HIT Screen","g/L"
"HKA","Hexokinase assay.","g/L"
"HLA1","--HLA A Broad type 1","g/L"
"HLA2","--HLA A Broad type 2","g/L"
"HLA3","--HLA A Specific Allele 1","g/L"
"HLA4","--HLA A Specific Allele 2","g/L"
"HLAA","HLA A","g/L"
"HLAB","HLA B","g/L"
"HLAC","HLA C","g/L"
"HLAD","HLA DRB","g/L"
"HLAG","HLA RQD Guys","g/L"
"HLAP","%HLA-DR+, CD3+ cells","g/L"
"HLAQ","HLA DQB","g/L"
"HLAX","HLA-DR Expressing T cells","g/L"
"HLB1","--HLA B Broad type 1","g/L"
"HLB2","--HLA B Broad type 2","g/L"
"HLB3","--HLA B Specific Allele 1","g/L"
"HLB4","--HLA B Specific Allele 2","g/L"
"HLC2","HLA-DR+CD2","g/L"
"HLC3","HLA-DR+CD3","g/L"
"HLD1","--HLA DRB Broad type 1","g/L"
"HLD2","--HLA DRB Broad type 2","g/L"
"HLD3","--HLA DRB Specific Allele 1","g/L"
"HLD4","--HLA DRB Specific Allele 2","g/L"
"HLDR","HLA-DR","g/L"
"HLQ1","--HLA DQB Broad type 1","g/L"
"HLQ2","--HLA DQB Broad type 2","g/L"
"HLQ3","--HLA DQB Specific Allele 1","g/L"
"HLQ4","--HLA DQB Specific Allele 2","g/L"
"HMBS","HMBS Activity","g/L"
"HMIC","Microscopy","g/L"
"HOLD","Saved Sample","g/L"
"HPAN","Heredit. Pancreatitis Genetics","g/L"
"HPLC","HPLC","g/L"
"HU","Neuronal Abs Hu / Ri","g/L"
"HVOL","24hr Urine Volume","g/L"
"HX2","h2, d1, d2, i6","g/L"
"HYIT","Hydroxy Itraconazole","g/L"
"HYPO","% HYPO","g/L"
"I1","Honey Bee","g/L"
"I1BH","Interleukin 1 beta H.Sens.","g/L"
"I1RA","Interleukin 1 R.Antagonist","g/L"
"I2","White-faced hornet Dolich. Ma.","g/L"
"I202","Grain weevil Sitophilus gran.","g/L"
"I203","Mediterranean flour moth Eph.","g/L"
"I204","Horse Fly","g/L"
"I205","Bumblebee Bombus terrestris","g/L"
"I206","Cockroach, American Periplan.","g/L"
"I207","Cockroach, Oriental Blatta or.","g/L"
"I3","Common wasp","g/L"
"I4","Paper Wasp","g/L"
"I5","Yellow hornet  Dolichovesp.","g/L"
"I6","Cockroach, German","g/L"
"I70","Fire Ant","g/L"
"I71","Mosquito","g/L"
"I72","Green nimitti  Cladotanytars.","g/L"
"I73","Blood worm  Chironomus thum.","g/L"
"I75","European hornet","g/L"
"I76","Berlin beetle  Trogoderma ang.","g/L"
"I77","European Paper Wasp Poliste.","g/L"
"I8","Moth Bombyx mori","g/L"
"IA2","IA2 Antibodies","g/L"
"ICAM","intercellular adhesive mol 1","g/L"
"ICOM","Immunophenotyping comments","g/L"
"ICON","Immunophenotyping conclusion","g/L"
"IDT","Intestinal Disaccharide Test","g/L"
"IEF","Isoelectric Focusing","g/L"
"IF","Anti Intrinsic factor Ab","g/L"
"IFIX","Serum Immunofixation","g/L"
"IFLC","","g/L"
"IFLH","Immunohaemat film comment only","g/L"
"IFLM","Immunohaematology film only","g/L"
"IFNG","IFN Gamma","g/L"
"IFNO","Total RBCs counted","g/L"
"IFNY","Interferon-gamma","g/L"
"IFRC","Malarial Infected Red Cells","g/L"
"IGBP","ILGF binding protein 1","g/L"
"IGD","IgD concentration","g/L"
"IGEX","Previous IgE concentration","g/L"
"IGF","Immature Gran Flag","g/L"
"IGF1","IGF-1","g/L"
"IGF2","IGF-2","g/L"
"IGG1","IgG 1 Concentration","g/L"
"IGG2","IgG 2 Concentration","g/L"
"IGG3","IgG 3 Concentration","g/L"
"IGG4","IgG 4 Concentration","g/L"
"IGGX","Previous IGG","g/L"
"IGLA","IGA","g/L"
"IGLG","IGG","g/L"
"IGLM","IGM","g/L"
"IGRD","Allergen Grade","g/L"
"IHIB","Inhibitor screen","g/L"
"IIDX","Icterus Index","g/L"
"IIGE","IgE concentration","g/L"
"IIGG","Immunoglobulin G concentration","g/L"
"IL1","IL-18","g/L"
"IL10","IL-10","g/L"
"IL1A","IL-1A","g/L"
"IL1B","IL-1B","g/L"
"IL6","IL-6","g/L"
"IMAB","Imatinib","g/L"
"IMAD","Imatinib Dose","g/L"
"IMAX","Imatinib (plasma)","g/L"
"IMFA","Intermediate Metabolites of FA","g/L"
"IN01","Insulin 0 mins","g/L"
"IN02","Insulin 30 mins","g/L"
"IN03","Insulin 60 mins","g/L"
"IN04","Insulin 90 mins","g/L"
"IN05","Insulin 120 mins","g/L"
"IN10","interleukin 10","g/L"
"IN12","interleukin 12","g/L"
"IN17","Interleukin 17","g/L"
"IN1A","Interleukin 1 alpha","g/L"
"IN1B","Interleukin 1 beta","g/L"
"IN2","interleukin 2","g/L"
"IN23","interleukin 23","g/L"
"IN4","interleukin 4","g/L"
"IN50","INR 50/50","g/L"
"IN6","interleukin 6","g/L"
"IN6H","interleukin 6 high sensitivity","g/L"
"IN8","interleukin 8","g/L"
"INAC","inhibin pro a c","g/L"
"INDI","Indinavir","g/L"
"INHA","inhibin a","g/L"
"INHB","Inhibin B","g/L"
"INR","INR","g/L"
"INRW","INR (Warfarin)","g/L"
"INS","Insulin","g/L"
"INSA","Insulin Antibodies","g/L"
"INSD","Insulin","g/L"
"INSR","Insulin Receptor","g/L"
"IOCR","Urine Iodine/Creatinine ratio","g/L"
"IRAK","Immunology rack position","g/L"
"IRF","IRF","g/L"
"IRON","Serum Iron","g/L"
"IRSN","IR Spectrum Number","g/L"
"IRT","Immuno-Reactive Trypsin","g/L"
"ITC","Immunotyping Concentration","g/L"
"ITC1","Immunotyping Concentration 1","g/L"
"ITC2","Immunotyping Concentration 2","g/L"
"ITC3","Immunotyping Concentration 3","g/L"
"ITC4","Immunotyping Concentration 4","g/L"
"ITRC","Itraconazole","g/L"
"ITT","Immunotyping Comments","g/L"
"ITT1","Immunotyping Comments 1","g/L"
"ITT2","Immunotyping Comments 2","g/L"
"ITT3","Immunotyping Comments 3","g/L"
"ITT4","Immunotyping Comments 4","g/L"
"JO1","Anti Jo1 antibodies","g/L"
"K%","Kleihauer percent","g/L"
"LA","Anti La SSB antibodies","g/L"
"LAC","Plasma Lactate","g/L"
"LACR","Urine Lanthanum/Creat. ratio","g/L"
"LALL","Lactose/Lactulose(10hr)","g/L"
"LAM","Lamotrigine","g/L"
"LAMB","CD19+Lambda+","g/L"
"LAMO","Lamotrigine Group","g/L"
"LAPC","LAP High Control","g/L"
"LAPH","Leucocyte Alk. Phos. Score","g/L"
"LAPI","LAP Interpretation","g/L"
"LAPP","LAP Patient","g/L"
"LAX","Laxative Screen","g/L"
"LAX2","% Lactose excreted(10hr)","g/L"
"LC1","Anti-LC1 blot","g/L"
"LCCD","Ciclosporin Current Dose","g/L"
"LCCM","Ciclosporin Comment","g/L"
"LCDR","Ciclosporin formulation","g/L"
"LCHA","LCHAD Genotyping","g/L"
"LCID","Interval Since Last Dose","g/L"
"LCIX","Ciclosporin","g/L"
"LCLD","Ciclosporin Date Last Dose","g/L"
"LCME","Ciclosporin Method","g/L"
"LCMS","LCMS data","g/L"
"LCR","Ciclosporin Assay Result","g/L"
"LCRA","Ciclosporin Range","g/L"
"LCTD","Ciclosporin Time Last Dose","g/L"
"LDH","LDH","g/L"
"LDL","LDL Chol","g/L"
"LEIS","Leishmaniasis","g/L"
"LEPT","Leptin","g/L"
"LEVE","Levetiracetam","g/L"
"LFR","Low Flourescence Ratio","g/L"
"LFUN","Lymphocyte Function","g/L"
"LH","LH","g/L"
"LH01","LH 0 mins","g/L"
"LH02","LH 20 mins","g/L"
"LH03","LH 60 mins","g/L"
"LHD","LH","g/L"
"LI","Lithium","g/L"
"LICR","Urine Lithium/Creat ratio","g/L"
"LIDX","Lipaemia Index","g/L"
"LIPA","Lipase","g/L"
"LKM","Liver Kidney Microsomal Abs","g/L"
"LKMB","Anti-LKM blot","g/L"
"LKMP","Liver Kidney Microsome Ab paed","g/L"
"LKMT","Liver Kidney Microsome Ab titr","g/L"
"LKMX","Previous LKM Abs","g/L"
"LKPX","Previous LKM Abs paed","g/L"
"LLRH","Lactulose/Rhamnose(5hr)","g/L"
"LLRR","Lactulose/Rhamnose ratio","g/L"
"LLX","% Lactulose excreted","g/L"
"LLX1","% Lactulose excreted(5hr)","g/L"
"LLX2","% Lactulose excreted(10hr)","g/L"
"LPUS","Lupus Anticoagulant","g/L"
"LRCE","MRCC (LIVER)","g/L"
"LSCD","Sirolimus Current Dose","g/L"
"LSCM","Sirolimus Comment","g/L"
"LSDR","Sirolimus formulation","g/L"
"LSID","Interval Since Last Dose","g/L"
"LSIX","Sirolimus","g/L"
"LSLD","Sirolimus Date Last Dose","g/L"
"LSME","Sirolimus Method","g/L"
"LSRA","Sirolimus Range","g/L"
"LSTD","Sirolimus Time Last Dose","g/L"
"LSUM","Lymphocyte Sum","g/L"
"LSYR","Sirolimus Assay Result","g/L"
"LTAX","Tacrolimus","g/L"
"LTCD","Tacrolimus Current Dose","g/L"
"LTCM","Tacrolimus Comment","g/L"
"LTDR","Tacrolimus formulation","g/L"
"LTID","Interval Since Last Dose","g/L"
"LTLD","Tacrolimus Date Last Dose","g/L"
"LTME","Tacrolimus Method","g/L"
"LTRA","Tacrolimus Range","g/L"
"LTTD","Tacrolimus Time Last Dose","g/L"
"LTYR","Tacrolimus Assay Result","g/L"
"LUC","Large Unstained Cells","g/L"
"LUCF","Large Unstained Cells","g/L"
"LYCN","Lymphocyte count","g/L"
"LYIM","Lymphocyte count","g/L"
"LYM","Lymphocytes","g/L"
"LYMX","Previous Lymphocyte Count","g/L"
"MABC","Monoclonal Ab test for HbC","g/L"
"MABS","Monoclonal Ab Test for HbS","g/L"
"MAG","Anti Myelin Assoc Glycoprot Ab","g/L"
"MALC","Malaria Species Confirmation","g/L"
"MALP","Malarial Parasites Percentage","g/L"
"MAMP","Metamfetamine","g/L"
"MAP","Mg. Amm. Phosphate","g/L"
"MARK","Cell Markers","g/L"
"MBLG","MBLG","g/L"
"MBLS","MBL (Sheff)","g/L"
"MBPB","Blood Lead (MASS)","g/L"
"MC34","Comment CD34","g/L"
"MCAD","MCAD Genotyping","g/L"
"MCH","MCH","g/L"
"MCHC","MCHC","g/L"
"MCP1","Monocyte chemotactic protein-1","g/L"
"MCV","MCV","g/L"
"MCVX","Previous MCV","g/L"
"MD31","MDR3 A523G - DUP","g/L"
"MD3A","MDR3 A523G","g/L"
"MD3C","MDR3 C524A","g/L"
"MD3R","MDR3 R969H","g/L"
"MD3T","ABCB4 (MDR3) Screen","g/L"
"MDF2","MDRD sex factor","g/L"
"MDFD","MDRD ethnic factor","g/L"
"MDMA","Ecstasy","g/L"
"MDNA","Mitochondrial DNA","g/L"
"MDR1","MDR1 C3453T","g/L"
"MDRD","MDRD internal result / 1.73m2","g/L"
"MDRI","MDRD interim calculation","g/L"
"MEA","MetHb reductase","g/L"
"MEHB","Methb","g/L"
"MEOH","Methanol","g/L"
"MET","Methaemoglobin.","g/L"
"METC","Metamyelocyte Count","g/L"
"MFR","Medium  Flourescence Ratio","g/L"
"MG","Magnesium","g/L"
"MICR","Microfilaria","g/L"
"MIPX","Previous Mito Abs paed","g/L"
"MITO","Anti Mitochondrial antibodies","g/L"
"MITP","Mitochondrial antibodies paed","g/L"
"MITT","Mitochondrial antibodies titre","g/L"
"MITX","Previous Anti Mito Abs","g/L"
"MNBC","Manual NRBC","g/L"
"MNCR","Urine Manganese/Creat Ratio","g/L"
"MON","Monocyte Count","g/L"
"MONX","Previous Monocyte Count","g/L"
"MORP","Morphine","g/L"
"MPNH","Monocyte PNH clone","g/L"
"MPRL","Macroprolactin","g/L"
"MPV","Mean Platelet Volume","g/L"
"MRCE","MRCC (MUSCLE)","g/L"
"MRZ","Mirtazapine","g/L"
"MSPE","Malarial Parasites Species","g/L"
"MTH2","MTHF Reductase Duplicate","g/L"
"MTHC","MTHF Reductase Confirm","g/L"
"MTHF","MTHF Reductase","g/L"
"MTRX","Methotrexate","g/L"
"MUSK","Muscle Specific Kinase Abs","g/L"
"MX1","m1,m2,m3,m6","g/L"
"MX2","m1, m2, m3, m5, m6, m8","g/L"
"MX4","m3, m207, m36, m228","g/L"
"MYEL","Myelocyte Count","g/L"
"MYMH","Myelo/Monocytic Markers","g/L"
"MYPF","Myelo Peroxidase Flag","g/L"
"NA","Sodium","g/L"
"NBT","Nitro Blue Tetrazolium","g/L"
"NCLZ","Norclozapine","g/L"
"NEOP","Neopterin","g/L"
"NEUT","Neutrophils","g/L"
"NEUX","Previous Neutrophil Count","g/L"
"NEVI","Nevirapine","g/L"
"NGAL","NGA Lipocalin","g/L"
"NICR","Urine Nickel/Creat ratio","g/L"
"NIMA","Norimatinib","g/L"
"NK%","NK cells %","g/L"
"NKC","NK Cells Absolute Counts","g/L"
"NLMH","Non-Lineage Markers","g/L"
"NMDA","NMDA Receptor Antibodies","g/L"
"NMRZ","Normirtazapine","g/L"
"NOR","Random Urine Noradrenaline","g/L"
"NORA","24hr Urine Noradrenaline","g/L"
"NORC","Norcitalopram","g/L"
"NORM","Urine Normetadrenaline","g/L"
"NORP","Plasma Noradrenaline","g/L"
"NORS","Norsertraline","g/L"
"NORT","Nortryptiline","g/L"
"NOTH","Neuronal Antibodies Other","g/L"
"NP","Neutrophil Panel","g/L"
"NPAT","ANA Pattern","g/L"
"NRBC","Machine NRBC","g/L"
"NRCL","NRCELL","g/L"
"NSE","Neurone Specific Enolase","g/L"
"NT24","24hr Urine NTX","g/L"
"NTN","Neurotensin","g/L"
"NTX","Random Urine NTX","g/L"
"NTX1","NTX  Result  (assay)","g/L"
"NTXC","Random NTX Calculated Result","g/L"
"NTXR","Urine NTX  Result (assay)","g/L"
"NTXT","24hr Urine NTX Excretion","g/L"
"NUCH","Nuclear markers","g/L"
"O1","Cotton, crude fibers","g/L"
"O201","Tobacco leaf","g/L"
"O202","Artemia salina, fish feed","g/L"
"O203","Tetramin, fish feed","g/L"
"O207","Daphnia, fish feed","g/L"
"O211","Mealworm Tenebrio mollitor","g/L"
"O212","Streptavidin","g/L"
"O2HB","Oxyhb","g/L"
"O70","Seminal fluid","g/L"
"OCHM","Chamber Count","g/L"
"OE1","Oestrone","g/L"
"OE2","Oestradiol","g/L"
"OFCM","Osmotic Fragility Comment","g/L"
"OFOC","MCF Post Control","g/L"
"OFPC","MCF Pre control","g/L"
"OFPO","Mean Cell Fragility Post","g/L"
"OFPR","Mean Cell Fragility Pre","g/L"
"OFTT","Osmotic Fragility Test","g/L"
"OHRI","9OH-Risperidone","g/L"
"OLAD","Olanzapine Dose","g/L"
"OLAX","Olanzapine (plasma)","g/L"
"OLAZ","Olanzapine","g/L"
"OMIC","Microscopy","g/L"
"OPCR","Opiates (ratio)","g/L"
"OPCX","Opiate Confirmation","g/L"
"OPG","Osteoprotegerin","g/L"
"OPII","Opiates Screen","g/L"
"OPIN","Opiates (numeric)","g/L"
"ORBC","ORBC","g/L"
"OSF","Osmotic Fragility Test","g/L"
"OVAR","Anti Ovarian antibodies","g/L"
"OWBC","OWBC","g/L"
"OXCA","Oxcarbazepine","g/L"
"OXCR","Urine Oxalate/Creat Ratio","g/L"
"P1","Ascaris","g/L"
"P2","P2 Area","g/L"
"P3","P3 Area","g/L"
"P3NP","P3NP","g/L"
"P4","Anisakis","g/L"
"P50A","Oxygen affinity","g/L"
"P53P","P53 protein","g/L"
"P5NA","Pyrimidine-5-nucleotidase ay.","g/L"
"PAA","Plasma Amino Acids","g/L"
"PACY","Acyl Carnitines (plasma)","g/L"
"PAGG","PLT Aggregation Studies","g/L"
"PALD","Dose of Paliperidone","g/L"
"PAMY","Serum Pancreatic Amylase","g/L"
"PAR","Paracetamol","g/L"
"PARA","Malarial Parasites Present","g/L"
"PARO","Paroxetine","g/L"
"PARS","Parasite Stage","g/L"
"PATT","ANCA IIF Pattern","g/L"
"PAX1","e3, e4, e70, e85","g/L"
"PAX3","m3, m6, g12, g15","g/L"
"PAX4","f4, f14, k87, i202","g/L"
"PAX5","k75, k76, k77, k79","g/L"
"PAX6","k78, k79, k80, k85","g/L"
"PBAR","Phenobarbitone","g/L"
"PBCR","Random Urine PBG Excretion","g/L"
"PBE","Plasma Beryllium","g/L"
"PBG1","Urine PBG","g/L"
"PBGN","Random Urine PBG","g/L"
"PBGR","Urgent PBG","g/L"
"PCAG","Protein C Antigen","g/L"
"PCAT","Protein C Activity","g/L"
"PCD3","%HLA-DR neg, CD3+ T cells","g/L"
"PCO2","PCO2","g/L"
"PCRA","U Prot/Creat Ratio","g/L"
"PCRE","Urine Lead/Creat ratio","g/L"
"PCV","PCV","g/L"
"PDCR","PD Fluid Creatinine","g/L"
"PDGL","PD Fluid Glucose","g/L"
"PDPR","PD Fluid Protein","g/L"
"PDSG","Pregnancy Diabetes Glucose","g/L"
"PDUR","PD Fluid Urea","g/L"
"PDW","Platelet Distrib Width","g/L"
"PEP","Phosphoenolpyruvate","g/L"
"PET","Peritoneal Equilibration Test","g/L"
"PETA","CAPD PET / Adequacy Test","g/L"
"PEXP","Perforin Expression","g/L"
"PFCD","PD Fluid Creatinine","g/L"
"PFGD","PD Fluid Glucose","g/L"
"PFKA","PFK assay","g/L"
"PFPD","PD Fluid Protein","g/L"
"PFPH","Pleural Fluid pH","g/L"
"PFUD","PD Fluid Urea","g/L"
"PGKA","PGK assay","g/L"
"PGLU","P Glucose","g/L"
"PH","PH","g/L"
"PHA","PHA","g/L"
"PHLC","Pholcodine","g/L"
"PHNY","Phenytoin","g/L"
"PHOS","Phosphate","g/L"
"PI2","Echinococcus","g/L"
"PINS","Proinsulin","g/L"
"PK20","PK after 20 mins","g/L"
"PK40","PK after 40 mins","g/L"
"PK60","PK after 60 mins","g/L"
"PKA","Pyruvate kinase assay.","g/L"
"PKLF","PK low substrate + FDP","g/L"
"PKLS","PK low substrate","g/L"
"PLAP","Placental Alkaline Phosphatase","g/L"
"PLT","PLT","g/L"
"PLTF","Platelet Clump Flag","g/L"
"PLTM","Platelet Morphology","g/L"
"PLTR","Platelet studies","g/L"
"PLTX","Previous PLT","g/L"
"PME","Plasma Metadrenaline","g/L"
"PMEL","Plasma Melatonin","g/L"
"PMET","Plasma Metanephrines","g/L"
"PMMH","Platelet/Megakaryocyte markers","g/L"
"PNE2","Anti Pnuem Cap Polysac IgG2 Ab","g/L"
"PNET","Pnuem Cap Polysac IgG Ab Total","g/L"
"PNHC","Conclusion","g/L"
"PNHH","PNH Test","g/L"
"PNOR","Plasma Normetadrenaline","g/L"
"PNP","PNP","g/L"
"PO2","PO2","g/L"
"POCR","Random Tot.Porphyrin Excretion","g/L"
"POLC","HPLC Porphyrin Fractionation","g/L"
"POR6","Plasma Porphyrins","g/L"
"POR8","Total Faecal Porphyrins","g/L"
"PORG","Porphyrin Genetics","g/L"
"PORP","Porphyrin Request","g/L"
"POSM","Osmolality (Plas)","g/L"
"POT","Potassium","g/L"
"POX","Plasma Oxalate","g/L"
"PP","PP","g/L"
"PPCE","24hr Ur. Cu post penicillamine","g/L"
"PPCU","24hr Ur. Cu post penicillamine","g/L"
"PPD","PPD","g/L"
"PPX","Propoxyphene","g/L"
"PR01","Prolactin 0 mins","g/L"
"PR02","Prolactin 20 mins","g/L"
"PR03","Prolactin 60 mins","g/L"
"PR04","Prolactin 120 mins","g/L"
"PR1H","Random Urine Total Porphyrins","g/L"
"PR2H","24hr Urine Porphyrins","g/L"
"PR3","Anti PR3 Antibodies","g/L"
"PR3H","Random ALA/PBG","g/L"
"PR4H","24hr Urine ALA/PBG","g/L"
"PR5H","Urgent PBG Request","g/L"
"PR7H","Free & Zinc Protoporphyrin","g/L"
"PR9H","HMBS Enzyme","g/L"
"PRCL","Procalcitonin","g/L"
"PREG","Urine Pregnancy Test","g/L"
"PRG","Urine Pregnancy Test","g/L"
"PRIM","Primidone","g/L"
"PRLD","Prolactin","g/L"
"PRO","Prothrombin Genotype","g/L"
"PRO2","Prothrombin Genotype Duplicate","g/L"
"PROC","Prothrombin Genotype Confirm","g/L"
"PROG","Progesterone","g/L"
"PROL","Prolactin","g/L"
"PROM","Promyelocyte Count","g/L"
"PRX5","Prolactin (x5 dilution)","g/L"
"PSA","PSA","g/L"
"PSF","Protein S Free","g/L"
"PST","Protein S Total","g/L"
"PTCN","Prothrombin Time Control","g/L"
"PTH","PTH","g/L"
"PTHI","PTH","g/L"
"PTHP","PTH Related Peptide","g/L"
"PTR","Serum Pancreatic/Total Amylase","g/L"
"PTS","Proximal Tubular Screen","g/L"
"PTSC","Prothombin Time (Test)","g/L"
"PVIS","Plasma Viscosity Sent","g/L"
"PVKA","PIVKA-II","g/L"
"PWBC","Preadjusted WBC","g/L"
"PYY","Peptide YY","g/L"
"QUD","Quinidine","g/L"
"QUDD","Quinidine Dose","g/L"
"QUED","Quetiapine Dose","g/L"
"QUEP","Quetiapine","g/L"
"QUEX","Quetiapine (plasma)","g/L"
"QUID","Quinidine (plasma)","g/L"
"QUIN","Quinine (plasma)","g/L"
"QUN","Quinine","g/L"
"QUND","Quinine Dose","g/L"
"RABN","Reticulocyte Abnormal Scatterg","g/L"
"RAGS","RAG 1/2 Gene Sequencing","g/L"
"RALT","Raltegravir","g/L"
"RANK","Soluble R.A.N.factor-kb ligand","g/L"
"RBAP","Acanthocyte RBCs %","g/L"
"RBC","RBC","g/L"
"RBCA","Acanthocyte RBCs counted","g/L"
"RBCC","RBC Count","g/L"
"RBCM","Red Cell Morphology","g/L"
"RBCN","Total RBCs counted","g/L"
"RBP","Retinol Binding Protein","g/L"
"RBPR","Retinol Binding protein","g/L"
"RCFC","R Cell Folate","g/L"
"RCFP","RBC Free Protoporphyrin","g/L"
"RCFR","Rcf Raw Res","g/L"
"RCLX","Red Cell Enzyme Test","g/L"
"RCRV","RCL Review Queue","g/L"
"RCT1","Antenatal Sickle/Thal","g/L"
"RCT2","Prean Sickle Screen","g/L"
"RCT3","Referral HBO","g/L"
"RCT4","Sickle and Thal Screen","g/L"
"RCT5","Neonatal Screen","g/L"
"RCT6","Prenatal Sickle/Thal","g/L"
"RDW","RDW","g/L"
"RENN","Renin","g/L"
"RESI","Resistin","g/L"
"RETA","Abs Retic Count","g/L"
"RETP","Reticulocyte Percent","g/L"
"RF","Rheum Factor","g/L"
"RFX","Previous RF","g/L"
"RHX","% L-Rhamnose excreted","g/L"
"RHX1","% L-Rhamnose excreted(5hr)","g/L"
"RICO","VW RICOF","g/L"
"RISD","Risperidone Dose","g/L"
"RISX","Risperidone (plasma)","g/L"
"RITO","Ritonavir","g/L"
"RNP","Anti RNP antibodies","g/L"
"RO","Anti Ro SSA antibodies","g/L"
"RONO","Ro 02-0683 Number","g/L"
"RPCN","Reptilase Time (Control)","g/L"
"RPCV","Rcf PCV","g/L"
"RPNH","Red cell PNH clone","g/L"
"RPSC","Reptilase Time (Test)","g/L"
"RRBC","Reticulocyte RBC","g/L"
"RSIF","Risperidone Formulation","g/L"
"RSPD","Risperidone","g/L"
"RUCO","Random Urine Cortisol","g/L"
"RUMV","Rubella virus IgM value","g/L"
"RUPH","Urine pH","g/L"
"RVOL","Urine Volume","g/L"
"RX1","g6, w6, w9, w21, t3","g/L"
"RX2","d2, e1, e3, e5, m6","g/L"
"RX3","g2, g5, g17, w1, w9, w10","g/L"
"RX4","g2, g5, g11, w1, w6, w9","g/L"
"RX5","d1, e1, m3, i6","g/L"
"RX6","t3, g6, w6, m2, m6","g/L"
"RX7","d1, e1, e3,e5, e82","g/L"
"RZFP","RBC Zinc Protoporphyrin","g/L"
"S1","Serotype 1","g/L"
"S100","S100","g/L"
"S14","Serotype 14","g/L"
"S18C","Serotype 18C","g/L"
"S18H","Serum 18-Hydroxycortisol","g/L"
"S19F","Serotype 19F","g/L"
"S23F","Serotype 23F","g/L"
"S4","Serotype 4","g/L"
"S5","Serotype 5","g/L"
"S6B","Serotype 6B","g/L"
"S7F","Serotype 7F","g/L"
"S9V","Serotype 9V","g/L"
"SAL","Salicylate","g/L"
"SAM1","Sample Type","g/L"
"SAM2","Sample Type","g/L"
"SAMQ","Sample Quality","g/L"
"SAMY","Serum Salivary Amylase","g/L"
"SAPE","SAP Expression","g/L"
"SAQU","Saquinavir","g/L"
"SAVE","Save sample","g/L"
"SBA","Serum Bile Acids","g/L"
"SBCR","Urine Antimony/Creat Ratio","g/L"
"SBPT","Small Bowel Permeability Test","g/L"
"SC1","Schilling Test Part1","g/L"
"SC2","Schilling Test Part2","g/L"
"SCH","Serum Chromium","g/L"
"SCHC","Schilling Comment","g/L"
"SCLI","Clinical details:","g/L"
"SCO","Serum Cobalt","g/L"
"SCOR","Salivary Cortisol","g/L"
"SCRP","Sensitive CRP","g/L"
"SE","Serum Selenium (MASS)","g/L"
"SECR","Urine Selenium/Creat ratio","g/L"
"SER","Sertraline","g/L"
"SFS","Stone Former Screen","g/L"
"SHBG","SHBG","g/L"
"SKAB","Anti Skin antibodies","g/L"
"SKLC","Serum Kappa Light Chains","g/L"
"SL70","Anti Scl-70 antibodies","g/L"
"SLA","Anti-SLA blot","g/L"
"SLLC","Serum Lambda Light Chains","g/L"
"SM","Anti Sm antibodies","g/L"
"SMN","Serum Manganese","g/L"
"SMOK","Smoker?","g/L"
"SNI","Serum Nickel","g/L"
"SOES","Salivary oestradiol","g/L"
"SOL","Sickle Solubility Test","g/L"
"SOMT","Somatostatin","g/L"
"SPIO","Serum/Plasma Iodine","g/L"
"SPLA","Serum/Plasma Lanthanum","g/L"
"SPRO","Salivary progesterone","g/L"
"SPYR","Blood Pyruvate","g/L"
"SRCR","Urine Strontium/Creat Ratio","g/L"
"SRNP","Anti Sm/RNP antibodies","g/L"
"SSE","Serum Selenium (SI)","g/L"
"SSR","Serum Strontium","g/L"
"STCO","Steroid Comment:","g/L"
"STFR","Soluble Transferrin Receptor","g/L"
"STIX","Urinalysis Screen","g/L"
"STON","Renal Calculi","g/L"
"STR","Anti Striated Muscle Ab","g/L"
"STSU","Steroid Sulphatase","g/L"
"STUV","24h vol","g/L"
"STYP","Stone type:","g/L"
"SU","Sulphonylurea","g/L"
"SULD","Sulpiride Dose","g/L"
"SULI","Sulpiride","g/L"
"SULL","Sucrose/Lactulose(10hr)","g/L"
"SULX","Sulpiride (plasma)","g/L"
"SUX2","% Sucrose excreted(10hr)","g/L"
"SWCL","Sweat Chloride","g/L"
"SWEI","Calculus weight","g/L"
"SWTE","Sweat Test","g/L"
"SWWT","Sweat Weight","g/L"
"TAMY","Serum Total Amylase","g/L"
"TBIH","T Cells/Some B Cells","g/L"
"TC1","Transcobalamin 1","g/L"
"TC2","Transcobalamin 2","g/L"
"TC3","Transcobalamin 3","g/L"
"TCA","Tricyclic Antidepressants","g/L"
"TCE","TCEL CDM trigger test","g/L"
"TCLN","T cell Clonality","g/L"
"TCOB","Transcobalamins","g/L"
"TCU","Tissue Copper","g/L"
"TDNC","Comment","g/L"
"TDNH","Molecular Thrombophilia","g/L"
"TDT","TdT","g/L"
"TDW","Tissue Dry Weight","g/L"
"TEST","Testosterone","g/L"
"TET","Anti Tetanus Toxoid Ab IgG","g/L"
"TFE","Tissue Iron","g/L"
"TFEC","TIBC Result","g/L"
"TGF1","Transforming growth factor B-1","g/L"
"TGF2","Transforming growth factor B-2","g/L"
"THB","Total Hb (Coox)","g/L"
"THBS","Thyroid Blood Spot","g/L"
"THCI","Cannabis","g/L"
"THCN","Cannabis (numeric)","g/L"
"THCR","Urine Thallium/Creat ratio","g/L"
"THEO","Theophylline","g/L"
"THG","Thyroglobulin","g/L"
"THIO","Thiopental","g/L"
"THR","Tot/Hdl Chol Ratio","g/L"
"THYG","ATG/THG profile","g/L"
"TIB1","Total Iron Binding Capacity","g/L"
"TICF","Tissue Copper/Iron","g/L"
"TIM","Time","g/L"
"TIMP","T.Inhib. Metalloproteinases-1","g/L"
"TIPR","Tipranavir","g/L"
"TITR","Anti Nuclear antibodies titre","g/L"
"TLC","Thin Layer Chromatography","g/L"
"TMA","Tri-Methylamine (TMA)","g/L"
"TMAO","Tri-Methylamine-N-Oxide","g/L"
"TMAR","TMA/TMA-N-Oxide Ratio","g/L"
"TMKH","T Cell Markers","g/L"
"TNF","TNF alpha","g/L"
"TNFA","TNFa","g/L"
"TNFH","TNF alpha high sensitivity","g/L"
"TNFR","TNF receptor 1","g/L"
"TOB","Tobramycin (Random)","g/L"
"TOBP","Tobramycin (Peak)","g/L"
"TOBT","Tobramycin (Trough)","g/L"
"TOPI","Topiramate","g/L"
"TORG","Transplanted organ:","g/L"
"TOTA","Total Haemoglobin A%","g/L"
"TP","Total Protein","g/L"
"TPIA","TPI assay","g/L"
"TPMT","Thiopurine Methyl Transferase","g/L"
"TPO","Anti Thyroid Peroxidase Ab","g/L"
"TPO1","Total Porphyrin","g/L"
"TPOR","Total Porphyrin","g/L"
"TPS","Total Protein S","g/L"
"TRAP","Tartrate-resistant A.Phos.","g/L"
"TRAZ","Trazadone","g/L"
"TRIG","Triglycerides","g/L"
"TRMP","Trimipramine","g/L"
"TROP","Troponin I","g/L"
"TRUC","Trucount WBC","g/L"
"TRYM","Trypanosomes","g/L"
"TRYP","Tryptase","g/L"
"TS01","TSH 0 mins","g/L"
"TS02","TSH 20 mins","g/L"
"TS03","TSH 60 mins","g/L"
"TSDD","Time since last dose","g/L"
"TSH","TSH","g/L"
"TSHD","TSH","g/L"
"TSHR","Anti Thyr Stim Hormone Recp Ab","g/L"
"TSTB","T-Spot TB","g/L"
"TTCN","Thrombin Time (Control)","g/L"
"TTG","Tissue transglutaminase Abs","g/L"
"TTSC","Thrombin Time (Test)","g/L"
"TTYP","Tissue type:","g/L"
"TYP2","Type II PNH clone","g/L"
"TYP3","Type III PNH clone","g/L"
"TYRO","Tyrosinaemia Genetics","g/L"
"U18H","Urine 18-Hydroxycortisol","g/L"
"U6SU","Urine 6-Sulphatoxymelatonin","g/L"
"UAA","Urine Amino Acids","g/L"
"UALB","U Alb conc.","g/L"
"UALE","Urine Alb excr.","g/L"
"UAM","Urine Amylase","g/L"
"UAME","Urine Amylase excr.","g/L"
"UASA","Urine Arsenic (assay)","g/L"
"UAST","24hr Urine Arsenic Excretion","g/L"
"UBA","Urine Bile Acids","g/L"
"UBBC","Total Unsat. Vit B12 Binding","g/L"
"UBEA","Urine Beryllium (assay)","g/L"
"UBG","Urine Urobilinogen","g/L"
"UBI1","Urine Bilirubin","g/L"
"UBIL","Urine Bilirubin","g/L"
"UBLD","Urine Blood","g/L"
"UBLO","Urine Blood","g/L"
"UCA","Urine Calcium","g/L"
"UCAE","Urine Calcium excr.","g/L"
"UCDA","Urine Cadmium (assay)","g/L"
"UCDT","24hr Urine Cadmium Excretion","g/L"
"UCED","Urine creatinine excretion","g/L"
"UCHA","Urine Chromium (assay)","g/L"
"UCHR","Urine Sugar Chromatography","g/L"
"UCHT","24hr Urine Chromium Excretion","g/L"
"UCL","Urine Chloride","g/L"
"UCLE","Urine Chloride excr.","g/L"
"UCO1","24hr Urine Cobalt Excretion","g/L"
"UCOA","Urine Cobalt (assay)","g/L"
"UCOR","Urine Cortisol (assay)","g/L"
"UCOT","24hr Urine Cortisol Excretion","g/L"
"UCPA","Urine Cu post penicillamine","g/L"
"UCR","Urine Creatinine","g/L"
"UCR1","Random Urine Creatinine","g/L"
"UCR2","Urine Creatinine","g/L"
"UCR3","Random Urine Creatinine","g/L"
"UCR4","Random Urine Creatinine","g/L"
"UCR5","Random Urine Creatinine","g/L"
"UCRD","Urine creatinine","g/L"
"UCRE","Urine Creatinine excr.","g/L"
"UCUA","Urine Copper (assay)","g/L"
"UCUT","24hr Urine Copper Excretion","g/L"
"UDS","Urine Drug Screen","g/L"
"UDSC","Urine Creatinine","g/L"
"UEP","Urine Electrophoresis","g/L"
"UFEA","Urine Iron (assay)","g/L"
"UFET","24hr Urine Iron Excretion","g/L"
"UFL","Random Urine Fluoride","g/L"
"UGL1","Urine Glucose","g/L"
"UGLU","Urine Glucose","g/L"
"UGT1","--UGT1A (TA)n Allele 1","g/L"
"UGT2","--UGT1A (TA)n Allele 2","g/L"
"UGTA","UGT1 promoter repeat","g/L"
"UHGA","Urine Mercury (assay)","g/L"
"UHGT","24hr Urine Mercury Excretion","g/L"
"UIOA","Urine Iodine (assay)","g/L"
"UIOT","24hr Urine Iodine Excretion","g/L"
"UK","Urine Potassium","g/L"
"UKE","Urine Potassium excr.","g/L"
"UKE1","Urine Ketones","g/L"
"UKET","Urine Ketones","g/L"
"ULAA","Urine Lanthanum","g/L"
"ULAT","24hr Urine Lanthanum Excretion","g/L"
"ULIA","Urine Lithium (assay)","g/L"
"UME","Urine Metadrenaline","g/L"
"UMET","Urine Metanephrines","g/L"
"UMG","Urine Magnesium","g/L"
"UMGE","Urine Magnesium excr.","g/L"
"UMNA","Urine Manganese (assay)","g/L"
"UMNT","24hr Urine Manganese Excretion","g/L"
"UN2","Urine Nitrite","g/L"
"UNA","Urine Sodium","g/L"
"UNAE","Urine Sodium excr.","g/L"
"UNI","Urine Nitrite","g/L"
"UNIA","Urine Nickel (assay)","g/L"
"UNIT","24hr Urine Nickel Excretion","g/L"
"UOA","Urine Organic Acids","g/L"
"UOSM","Urine Osmolality","g/L"
"UOX","Urine Oxalate","g/L"
"UOXT","24hr Urine Oxalate Exc.","g/L"
"UPBA","Urine Lead (assay)","g/L"
"UPBT","24hr Urine Lead Excretion","g/L"
"UPED","Urine protein excretion","g/L"
"UPHE","Urine Phosphate excr.","g/L"
"UPHO","Urine Phosphate","g/L"
"UPR1","Urine Protein","g/L"
"UPR2","Urine Protein","g/L"
"UPRD","Urine protein","g/L"
"UPRE","U Total Prot excr","g/L"
"UPRO","Urine protein","g/L"
"URAT","Urate","g/L"
"URE","Urea","g/L"
"URED","Urea","g/L"
"UREP","Urea (post dial)","g/L"
"URR","URR","g/L"
"URSU","Urine Sulphite","g/L"
"USBA","Urine Antimony (assay)","g/L"
"USBT","24hr Urine Antimony Excretion","g/L"
"USEA","Urine Selenium (assay)","g/L"
"USP","Urine Steroid Profile","g/L"
"USRA","Urine Strontium (assay)","g/L"
"USRT","24hr Urine Strontium Excretion","g/L"
"USUG","Urine Reducing Substances","g/L"
"UTHA","Urine Thallium (assay)","g/L"
"UTMA","Urine Tri-Methylamine","g/L"
"UUA","Urine Urate","g/L"
"UUAE","Urine urate excr.","g/L"
"UUED","Urine urea excretion","g/L"
"UUR","Urine Urea","g/L"
"UURD","Urine urea","g/L"
"UURE","Urine Urea excr.","g/L"
"UVOL","Urine Volume","g/L"
"UWB2","Urine Leucocytes","g/L"
"UWBC","Urine Leucocytes","g/L"
"UZNA","Urine Zinc (assay)","g/L"
"UZNT","24hr Urine Zinc  Excretion","g/L"
"VALP","Valproate","g/L"
"VAN","Vancomycin (Random)","g/L"
"VANP","Vancomycin (Peak)","g/L"
"VANT","Vancomycin (Trough)","g/L"
"VAR","Haemoglobin Variant %","g/L"
"VB1","Vitamin B1","g/L"
"VB2","Vitamin B2","g/L"
"VB6","Vitamin B6","g/L"
"VCAM","Vascular cell adhesion mol.","g/L"
"VCO2","pCO2 (venous)","g/L"
"VEGF","Vascular endothelial G.F.","g/L"
"VENL","Venlafaxine","g/L"
"VFAG","Fetal VWF Antigen","g/L"
"VGCC","Anti Voltage Gated Ca Chan Ab","g/L"
"VGKC","Anti Voltage Gated K Chan Ab","g/L"
"VHCO","Bicarbonate (venous)","g/L"
"VHI","H+ (venous)","g/L"
"VI34","CD34+ cells viable","g/L"
"VI45","CD45+ cells viable","g/L"
"VIAH","Cell viability","g/L"
"VIC3","CD3+ cells viable","g/L"
"VIGA","Vigabatrin","g/L"
"VIP","VIP","g/L"
"VITA","Vitamin A","g/L"
"VITD","Vitamin D","g/L"
"VITE","Vitamin E","g/L"
"VITK","Vitamin K1 (Non fasting)","g/L"
"VL","Factor V Leiden","g/L"
"VL2","Factor V Leiden Duplicate","g/L"
"VLC","Factor V Leiden Confirm","g/L"
"VLFA","Very Long Chain Fatty Acids","g/L"
"VN2B","VN/Reopro","g/L"
"VNAS","VN/Aspirin","g/L"
"VNP2","VN/Clopidogrel","g/L"
"VOL","Urine Volume","g/L"
"VOL1","Volume (0-5hr)","g/L"
"VOL2","Volume (5-10hr)","g/L"
"VOLD","Urine volume","g/L"
"VOLP","24hr Urine volume","g/L"
"VPH","pH (venous)","g/L"
"VPO2","pO2 (venous)","g/L"
"VSEN","Sent to Virology","g/L"
"VTKE","Vitamin K  epoxide","g/L"
"VTKF","Vitamin K1 (Fasting)","g/L"
"VTKR","Vitamin K","g/L"
"VWAC","VWF Activity","g/L"
"VWAG","VWF Antigen","g/L"
"VWAN","VWF Antigen","g/L"
"VWAT","VWF Activity","g/L"
"VWFA","VWF Antigen","g/L"
"VWFN","VWF Normandy","g/L"
"VWFR","VWF Assay","g/L"
"WAL","Water Aluminium","g/L"
"WAR","Warfarin level","g/L"
"WBC","WBC","g/L"
"WBCC","WBC Count","g/L"
"WBCM","White Cell Morphology","g/L"
"WBCP","WBC Peroxidase","g/L"
"WBCX","Previous WBC","g/L"
"WCCY","White Cell Cystine","g/L"
"WCEN","White Cell Enzymes","g/L"
"WILS","Wilsons Genotyping","g/L"
"WPAR","Wet Preparation for Parasites","g/L"
"WPRR","WP for Parasites Referred MRL","g/L"
"XA","Anti Xa","g/L"
"XANT","CSF Xanthochromia Screen","g/L"
"XLA","X Linked Agammaglobulinaemia","g/L"
"YO","Neuronal Abs Yo","g/L"
"ZAPH","CD5+CD19+ B cells Zap-70 test","g/L"
"ZAPI","Zap-70 interpretation","g/L"
"ZAPR","Zap-70 ratio","g/L"
"ZN","Serum Zinc","g/L"
"ZN24","24hr Urine Zinc","g/L"
"ZNCR","Urine Zinc/Creatinine Ratio","g/L"
"ZNCU","Copper & Zinc","g/L"
"ZONI","Zonisamide","g/L"
"ACR","Urine Albumin: Creatinine Ratio","g/L"
"MSU","Urine MC&S","g/L"
"CYTO","Cytotoxic Antibodies","g/L"
"HEPBAB","Hepatitus B surface antibody","g/L"
"HEPBAG","Hepatitus B surface antigen","g/L"
"HCV","HCV IgG","g/L"
"HIV2","HIV 2 antibody","g/L"
"CMVIG","CMV IgG","g/L"
"CMVDNA","CMV DNA Quantitive","g/L"
"BKDNA","BK Virus DNA","g/L"
"HEPBDNA","HBV DNA Quantitive","g/L"
"SYPH","Syphilis Enzyme Immunoassay IgG/IgM","g/L"
"TROPT","Troponin-t","g/L"
"MRSA","MRSA (swab)","g/L"
